unit_id,voice_id
209700,209700
209701,209700
209702,209700
209703,209700
307400,307400
307401,307400
307402,307400
307403,307400
307404,307404
307405,307405
307406,307406
307800,307800
307801,307800
307802,307800
307803,307800
307804,307800
307805,307800
307806,307800
308200,308200
308201,308200
308202,308200
308203,308200
308204,308204
308205,308200
308206,308200
308207,308200
308400,308400
308401,308400
308402,308400
308403,308400
308404,308400
308405,308400
308406,308400
308600,308600
308601,308600
308602,308600
308603,308600
308604,308600
308605,308600
308606,308600
309300,309300
309301,309300
309302,309300
309303,309300
309304,309300
309305,309300
309306,309300
309801,309801
309802,309802
309803,309803
310700,310700
310701,310700
310702,310700
310703,310700
310704,310700
310705,310700
310706,310700
310800,310800
310801,310800
310802,310800
310803,310800
310804,310800
310805,310800
310806,310800
311600,311600
311601,311600
311602,311600
311603,311600
311604,311600
311605,311600
311606,311600
313500,313500
313501,313501
313600,313600
313601,313601
313700,313700
313701,313701
313800,313800
313801,313801
313900,313900
313901,313901
314800,314800
314801,314800
314802,314800
314803,314800
314804,314800
314805,314800
314806,314800
315400,315400
315401,315400
315402,315400
315403,315400
315404,315404
315405,315404
315406,315404
