id,mission_reward_id,reward_type,reward_id,reward_num
10001001,61001001,2,60002,5
10001002,61001002,2,60002,5
10001003,71001001,8,91002,30
10001004,71001001,2,22002,1
10001005,71001002,8,91002,30
10001006,71001002,2,22002,1
10001007,71001003,8,91002,30
10001008,71001003,2,22002,1
10001009,71001004,8,91002,30
10001010,71001004,2,22002,1
10001011,71001005,8,91002,30
10001012,71001005,2,22002,1
10001013,71001006,8,91002,30
10001014,71001006,2,22002,1
10001015,71001007,8,91002,30
10001016,71001007,2,22002,1
10001017,71001008,8,91002,30
10001018,71001008,2,22002,1
10001019,71001009,8,91002,30
10001020,71001009,2,22002,1
10001021,71001010,8,91002,30
10001022,71001010,2,22002,1
10001023,71001011,8,91002,30
10001024,71001011,2,22002,1
10001025,71001012,8,91002,30
10001026,71001012,2,22002,1
10001027,71001013,8,91002,30
10001028,71001013,2,22002,1
10001029,71001014,8,91002,30
10001030,71001014,2,22002,1
10001031,71001015,8,91002,30
10001032,71001015,2,22002,1
10001033,71001016,8,91002,60
10001034,71001016,2,22002,2
10001035,71001017,8,91002,60
10001036,71001017,2,22002,2
10001037,71001018,8,91002,60
10001038,71001018,2,22002,2
10001039,71001019,8,91002,60
10001040,71001019,2,22002,2
10001041,71001020,8,91002,60
10001042,71001020,2,22002,2
10001043,71001021,12,94002,50000
10001044,71001022,12,94002,100000
10001045,71001023,12,94002,150000
10001046,71001024,12,94002,200000
10001047,71001025,2,31038,2
10001048,71001026,2,31012,2
10001049,71001027,2,31038,3
10001050,71001028,2,31012,3
10001051,71001029,2,31038,5
10001052,71001030,2,31012,5
10002001,61002001,2,60012,5
10002002,61002002,2,60012,5
10002003,71002001,8,91002,30
10002004,71002001,2,22002,1
10002005,71002002,8,91002,30
10002006,71002002,2,22002,1
10002007,71002003,8,91002,30
10002008,71002003,2,22002,1
10002009,71002004,8,91002,30
10002010,71002004,2,22002,1
10002011,71002005,8,91002,30
10002012,71002005,2,22002,1
10002013,71002006,8,91002,30
10002014,71002006,2,22002,1
10002015,71002007,8,91002,30
10002016,71002007,2,22002,1
10002017,71002008,8,91002,30
10002018,71002008,2,22002,1
10002019,71002009,8,91002,30
10002020,71002009,2,22002,1
10002021,71002010,8,91002,30
10002022,71002010,2,22002,1
10002023,71002011,8,91002,30
10002024,71002011,2,22002,1
10002025,71002012,8,91002,30
10002026,71002012,2,22002,1
10002027,71002013,8,91002,30
10002028,71002013,2,22002,1
10002029,71002014,8,91002,30
10002030,71002014,2,22002,1
10002031,71002015,8,91002,30
10002032,71002015,2,22002,1
10002033,71002016,8,91002,60
10002034,71002016,2,22002,2
10002035,71002017,8,91002,60
10002036,71002017,2,22002,2
10002037,71002018,8,91002,60
10002038,71002018,2,22002,2
10002039,71002019,8,91002,60
10002040,71002019,2,22002,2
10002041,71002020,8,91002,60
10002042,71002020,2,22002,2
10002043,71002021,12,94002,50000
10002044,71002022,12,94002,100000
10002045,71002023,12,94002,150000
10002046,71002024,12,94002,200000
10002047,71002025,2,31004,2
10002048,71002026,2,31020,2
10002049,71002027,2,31004,3
10002050,71002028,2,31020,3
10002051,71002029,2,31004,5
10002052,71002030,2,31020,5
10003001,61003001,2,60022,5
10003002,61003002,2,60022,5
10003003,71003001,8,91002,30
10003004,71003001,2,22002,1
10003005,71003002,8,91002,30
10003006,71003002,2,22002,1
10003007,71003003,8,91002,30
10003008,71003003,2,22002,1
10003009,71003004,8,91002,30
10003010,71003004,2,22002,1
10003011,71003005,8,91002,30
10003012,71003005,2,22002,1
10003013,71003006,8,91002,30
10003014,71003006,2,22002,1
10003015,71003007,8,91002,30
10003016,71003007,2,22002,1
10003017,71003008,8,91002,30
10003018,71003008,2,22002,1
10003019,71003009,8,91002,30
10003020,71003009,2,22002,1
10003021,71003010,8,91002,30
10003022,71003010,2,22002,1
10003023,71003011,8,91002,30
10003024,71003011,2,22002,1
10003025,71003012,8,91002,30
10003026,71003012,2,22002,1
10003027,71003013,8,91002,30
10003028,71003013,2,22002,1
10003029,71003014,8,91002,30
10003030,71003014,2,22002,1
10003031,71003015,8,91002,30
10003032,71003015,2,22002,1
10003033,71003016,8,91002,60
10003034,71003016,2,22002,2
10003035,71003017,8,91002,60
10003036,71003017,2,22002,2
10003037,71003018,8,91002,60
10003038,71003018,2,22002,2
10003039,71003019,8,91002,60
10003040,71003019,2,22002,2
10003041,71003020,8,91002,60
10003042,71003020,2,22002,2
10003043,71003021,12,94002,50000
10003044,71003022,12,94002,100000
10003045,71003023,12,94002,150000
10003046,71003024,12,94002,200000
10003047,71003025,2,31017,2
10003048,71003026,2,31010,2
10003049,71003027,2,31017,3
10003050,71003028,2,31010,3
10003051,71003029,2,31017,5
10003052,71003030,2,31010,5
10004001,61004001,2,60032,5
10004002,61004002,2,60032,5
10004003,71004001,8,91002,30
10004004,71004001,2,22002,1
10004005,71004002,8,91002,30
10004006,71004002,2,22002,1
10004007,71004003,8,91002,30
10004008,71004003,2,22002,1
10004009,71004004,8,91002,30
10004010,71004004,2,22002,1
10004011,71004005,8,91002,30
10004012,71004005,2,22002,1
10004013,71004006,8,91002,30
10004014,71004006,2,22002,1
10004015,71004007,8,91002,30
10004016,71004007,2,22002,1
10004017,71004008,8,91002,30
10004018,71004008,2,22002,1
10004019,71004009,8,91002,30
10004020,71004009,2,22002,1
10004021,71004010,8,91002,30
10004022,71004010,2,22002,1
10004023,71004011,8,91002,30
10004024,71004011,2,22002,1
10004025,71004012,8,91002,30
10004026,71004012,2,22002,1
10004027,71004013,8,91002,30
10004028,71004013,2,22002,1
10004029,71004014,8,91002,30
10004030,71004014,2,22002,1
10004031,71004015,8,91002,30
10004032,71004015,2,22002,1
10004033,71004016,8,91002,60
10004034,71004016,2,22002,2
10004035,71004017,8,91002,60
10004036,71004017,2,22002,2
10004037,71004018,8,91002,60
10004038,71004018,2,22002,2
10004039,71004019,8,91002,60
10004040,71004019,2,22002,2
10004041,71004020,8,91002,60
10004042,71004020,2,22002,2
10004043,71004021,12,94002,50000
10004044,71004022,12,94002,100000
10004045,71004023,12,94002,150000
10004046,71004024,12,94002,200000
10004047,71004025,8,91002,50
10004048,71004026,2,31076,1
10004049,71004027,2,31076,1
10004050,71004028,2,31076,2
10004051,71004029,2,31076,2
10004052,71004030,2,31076,4
10004053,71004031,2,31076,10
10005001,61005001,2,60042,5
10005002,61005002,2,60042,5
10005003,71005001,8,91002,30
10005004,71005001,2,22002,1
10005005,71005002,8,91002,30
10005006,71005002,2,22002,1
10005007,71005003,8,91002,30
10005008,71005003,2,22002,1
10005009,71005004,8,91002,30
10005010,71005004,2,22002,1
10005011,71005005,8,91002,30
10005012,71005005,2,22002,1
10005013,71005006,8,91002,30
10005014,71005006,2,22002,1
10005015,71005007,8,91002,30
10005016,71005007,2,22002,1
10005017,71005008,8,91002,30
10005018,71005008,2,22002,1
10005019,71005009,8,91002,30
10005020,71005009,2,22002,1
10005021,71005010,8,91002,30
10005022,71005010,2,22002,1
10005023,71005011,8,91002,30
10005024,71005011,2,22002,1
10005025,71005012,8,91002,30
10005026,71005012,2,22002,1
10005027,71005013,8,91002,30
10005028,71005013,2,22002,1
10005029,71005014,8,91002,30
10005030,71005014,2,22002,1
10005031,71005015,8,91002,30
10005032,71005015,2,22002,1
10005033,71005016,8,91002,60
10005034,71005016,2,22002,2
10005035,71005017,8,91002,60
10005036,71005017,2,22002,2
10005037,71005018,8,91002,60
10005038,71005018,2,22002,2
10005039,71005019,8,91002,60
10005040,71005019,2,22002,2
10005041,71005020,8,91002,60
10005042,71005020,2,22002,2
10005043,71005021,12,94002,50000
10005044,71005022,12,94002,100000
10005045,71005023,12,94002,150000
10005046,71005024,12,94002,200000
10005047,71005025,8,91002,50
10005048,71005026,2,31080,1
10005049,71005027,2,31080,1
10005050,71005028,2,31080,2
10005051,71005029,2,31080,2
10005052,71005030,2,31080,4
10005053,71005031,2,31080,10
10006001,61006001,2,60052,5
10006002,61006002,2,60052,5
10006003,71006001,8,91002,30
10006004,71006001,2,22002,1
10006005,71006002,8,91002,30
10006006,71006002,2,22002,1
10006007,71006003,8,91002,30
10006008,71006003,2,22002,1
10006009,71006004,8,91002,30
10006010,71006004,2,22002,1
10006011,71006005,8,91002,30
10006012,71006005,2,22002,1
10006013,71006006,8,91002,30
10006014,71006006,2,22002,1
10006015,71006007,8,91002,30
10006016,71006007,2,22002,1
10006017,71006008,8,91002,30
10006018,71006008,2,22002,1
10006019,71006009,8,91002,30
10006020,71006009,2,22002,1
10006021,71006010,8,91002,30
10006022,71006010,2,22002,1
10006023,71006011,8,91002,30
10006024,71006011,2,22002,1
10006025,71006012,8,91002,30
10006026,71006012,2,22002,1
10006027,71006013,8,91002,30
10006028,71006013,2,22002,1
10006029,71006014,8,91002,30
10006030,71006014,2,22002,1
10006031,71006015,8,91002,30
10006032,71006015,2,22002,1
10006033,71006016,8,91002,60
10006034,71006016,2,22002,2
10006035,71006017,8,91002,60
10006036,71006017,2,22002,2
10006037,71006018,8,91002,60
10006038,71006018,2,22002,2
10006039,71006019,8,91002,60
10006040,71006019,2,22002,2
10006041,71006020,8,91002,60
10006042,71006020,2,22002,2
10006043,71006021,12,94002,50000
10006044,71006022,12,94002,100000
10006045,71006023,12,94002,150000
10006046,71006024,12,94002,200000
10006047,71006025,8,91002,50
10006048,71006026,2,31047,1
10006049,71006027,2,31047,1
10006050,71006028,2,31047,2
10006051,71006029,2,31047,2
10006052,71006030,2,31047,4
10006053,71006031,2,31047,10
10007001,61007001,2,60062,5
10007002,61007002,2,60062,5
10007003,71007001,8,91002,30
10007004,71007001,2,22002,1
10007005,71007002,8,91002,30
10007006,71007002,2,22002,1
10007007,71007003,8,91002,30
10007008,71007003,2,22002,1
10007009,71007004,8,91002,30
10007010,71007004,2,22002,1
10007011,71007005,8,91002,30
10007012,71007005,2,22002,1
10007013,71007006,8,91002,30
10007014,71007006,2,22002,1
10007015,71007007,8,91002,30
10007016,71007007,2,22002,1
10007017,71007008,8,91002,30
10007018,71007008,2,22002,1
10007019,71007009,8,91002,30
10007020,71007009,2,22002,1
10007021,71007010,8,91002,30
10007022,71007010,2,22002,1
10007023,71007011,8,91002,30
10007024,71007011,2,22002,1
10007025,71007012,8,91002,30
10007026,71007012,2,22002,1
10007027,71007013,8,91002,30
10007028,71007013,2,22002,1
10007029,71007014,8,91002,30
10007030,71007014,2,22002,1
10007031,71007015,8,91002,30
10007032,71007015,2,22002,1
10007033,71007016,8,91002,60
10007034,71007016,2,22002,2
10007035,71007017,8,91002,60
10007036,71007017,2,22002,2
10007037,71007018,8,91002,60
10007038,71007018,2,22002,2
10007039,71007019,8,91002,60
10007040,71007019,2,22002,2
10007041,71007020,8,91002,60
10007042,71007020,2,22002,2
10007043,71007021,12,94002,50000
10007044,71007022,12,94002,100000
10007045,71007023,12,94002,150000
10007046,71007024,12,94002,200000
10007047,71007025,8,91002,50
10007048,71007026,2,31082,1
10007049,71007027,2,31082,1
10007050,71007028,2,31082,2
10007051,71007029,2,31082,2
10007052,71007030,2,31082,4
10007053,71007031,1,108201,1
10007054,71007032,2,31082,10
10008001,61008001,2,60072,5
10008002,61008002,2,60072,5
10008003,71008001,8,91002,30
10008004,71008001,2,22002,1
10008005,71008002,8,91002,30
10008006,71008002,2,22002,1
10008007,71008003,8,91002,30
10008008,71008003,2,22002,1
10008009,71008004,8,91002,30
10008010,71008004,2,22002,1
10008011,71008005,8,91002,30
10008012,71008005,2,22002,1
10008013,71008006,8,91002,30
10008014,71008006,2,22002,1
10008015,71008007,8,91002,30
10008016,71008007,2,22002,1
10008017,71008008,8,91002,30
10008018,71008008,2,22002,1
10008019,71008009,8,91002,30
10008020,71008009,2,22002,1
10008021,71008010,8,91002,30
10008022,71008010,2,22002,1
10008023,71008011,8,91002,30
10008024,71008011,2,22002,1
10008025,71008012,8,91002,30
10008026,71008012,2,22002,1
10008027,71008013,8,91002,30
10008028,71008013,2,22002,1
10008029,71008014,8,91002,30
10008030,71008014,2,22002,1
10008031,71008015,8,91002,30
10008032,71008015,2,22002,1
10008033,71008016,8,91002,60
10008034,71008016,2,22002,2
10008035,71008017,8,91002,60
10008036,71008017,2,22002,2
10008037,71008018,8,91002,60
10008038,71008018,2,22002,2
10008039,71008019,8,91002,60
10008040,71008019,2,22002,2
10008041,71008020,8,91002,60
10008042,71008020,2,22002,2
10008043,71008021,12,94002,50000
10008044,71008022,12,94002,100000
10008045,71008023,12,94002,150000
10008046,71008024,12,94002,200000
10008047,71008025,8,91002,50
10008048,71008026,2,31009,1
10008049,71008027,2,31009,1
10008050,71008028,2,31009,2
10008051,71008029,2,31009,2
10008052,71008030,2,31009,4
10008053,71008031,2,31009,10
10009001,61009001,2,60082,5
10009002,61009002,2,60082,5
10009003,71009001,8,91002,30
10009004,71009001,2,22002,1
10009005,71009002,8,91002,30
10009006,71009002,2,22002,1
10009007,71009003,8,91002,30
10009008,71009003,2,22002,1
10009009,71009004,8,91002,30
10009010,71009004,2,22002,1
10009011,71009005,8,91002,30
10009012,71009005,2,22002,1
10009013,71009006,8,91002,30
10009014,71009006,2,22002,1
10009015,71009007,8,91002,30
10009016,71009007,2,22002,1
10009017,71009008,8,91002,30
10009018,71009008,2,22002,1
10009019,71009009,8,91002,30
10009020,71009009,2,22002,1
10009021,71009010,8,91002,30
10009022,71009010,2,22002,1
10009023,71009011,8,91002,30
10009024,71009011,2,22002,1
10009025,71009012,8,91002,30
10009026,71009012,2,22002,1
10009027,71009013,8,91002,30
10009028,71009013,2,22002,1
10009029,71009014,8,91002,30
10009030,71009014,2,22002,1
10009031,71009015,8,91002,30
10009032,71009015,2,22002,1
10009033,71009016,8,91002,60
10009034,71009016,2,22002,2
10009035,71009017,8,91002,60
10009036,71009017,2,22002,2
10009037,71009018,8,91002,60
10009038,71009018,2,22002,2
10009039,71009019,8,91002,60
10009040,71009019,2,22002,2
10009041,71009020,8,91002,60
10009042,71009020,2,22002,2
10009043,71009021,12,94002,50000
10009044,71009022,12,94002,100000
10009045,71009023,12,94002,150000
10009046,71009024,12,94002,200000
10009047,71009025,8,91002,50
10009048,71009026,2,31085,1
10009049,71009027,2,31085,1
10009050,71009028,2,31085,2
10009051,71009029,2,31085,2
10009052,71009030,2,31085,4
10009053,71009031,1,108501,1
10009054,71009032,2,31085,10
10010001,61010001,2,60092,5
10010002,61010002,2,60092,5
10010003,71010001,8,91002,30
10010004,71010001,2,22002,1
10010005,71010002,8,91002,30
10010006,71010002,2,22002,1
10010007,71010003,8,91002,30
10010008,71010003,2,22002,1
10010009,71010004,8,91002,30
10010010,71010004,2,22002,1
10010011,71010005,8,91002,30
10010012,71010005,2,22002,1
10010013,71010006,8,91002,30
10010014,71010006,2,22002,1
10010015,71010007,8,91002,30
10010016,71010007,2,22002,1
10010017,71010008,8,91002,30
10010018,71010008,2,22002,1
10010019,71010009,8,91002,30
10010020,71010009,2,22002,1
10010021,71010010,8,91002,30
10010022,71010010,2,22002,1
10010023,71010011,8,91002,30
10010024,71010011,2,22002,1
10010025,71010012,8,91002,30
10010026,71010012,2,22002,1
10010027,71010013,8,91002,30
10010028,71010013,2,22002,1
10010029,71010014,8,91002,30
10010030,71010014,2,22002,1
10010031,71010015,8,91002,30
10010032,71010015,2,22002,1
10010033,71010016,8,91002,60
10010034,71010016,2,22002,2
10010035,71010017,8,91002,60
10010036,71010017,2,22002,2
10010037,71010018,8,91002,60
10010038,71010018,2,22002,2
10010039,71010019,8,91002,60
10010040,71010019,2,22002,2
10010041,71010020,8,91002,60
10010042,71010020,2,22002,2
10010043,71010021,12,94002,50000
10010044,71010022,12,94002,100000
10010045,71010023,12,94002,150000
10010046,71010024,12,94002,200000
10010047,71010025,8,91002,50
10010048,71010026,2,31089,1
10010049,71010027,2,31089,1
10010050,71010028,2,31089,2
10010051,71010029,2,31089,2
10010052,71010030,2,31089,4
10010053,71010031,1,108901,1
10010054,71010032,2,31089,10
10010055,81010001,2,31089,2
10010056,81010001,8,91002,30
10010057,81010002,2,60092,100
10010058,81010002,12,94002,30000
10010059,81010003,2,60092,100
10010060,81010003,12,94002,30000
10010061,81010004,2,31089,2
10010062,81010004,8,91002,30
10010063,81010005,2,60092,100
10010064,81010005,12,94002,30000
10010065,81010006,2,60092,100
10010066,81010006,12,94002,30000
10010067,81010007,2,31089,2
10010068,81010007,8,91002,30
10011001,61011001,2,60102,5
10011002,61011002,2,60102,5
10011003,61011003,2,60104,4
10011004,61011003,2,60105,2
10011005,71011001,8,91002,30
10011006,71011001,2,22002,1
10011007,71011002,8,91002,30
10011008,71011002,2,22002,1
10011009,71011003,8,91002,30
10011010,71011003,2,22002,1
10011011,71011004,8,91002,30
10011012,71011004,2,22002,1
10011013,71011005,8,91002,30
10011014,71011005,2,22002,1
10011015,71011006,8,91002,30
10011016,71011006,2,22002,1
10011017,71011007,8,91002,30
10011018,71011007,2,22002,1
10011019,71011008,8,91002,30
10011020,71011008,2,22002,1
10011021,71011009,8,91002,30
10011022,71011009,2,22002,1
10011023,71011010,8,91002,30
10011024,71011010,2,22002,1
10011025,71011011,8,91002,30
10011026,71011011,2,22002,1
10011027,71011012,8,91002,30
10011028,71011012,2,22002,1
10011029,71011013,8,91002,30
10011030,71011013,2,22002,1
10011031,71011014,8,91002,30
10011032,71011014,2,22002,1
10011033,71011015,8,91002,30
10011034,71011015,2,22002,1
10011035,71011016,8,91002,60
10011036,71011016,2,22002,2
10011037,71011017,8,91002,60
10011038,71011017,2,22002,2
10011039,71011018,8,91002,60
10011040,71011018,2,22002,2
10011041,71011019,8,91002,60
10011042,71011019,2,22002,2
10011043,71011020,8,91002,60
10011044,71011020,2,22002,2
10011045,71011021,12,94002,50000
10011046,71011022,12,94002,100000
10011047,71011023,12,94002,150000
10011048,71011024,12,94002,200000
10011049,71011025,8,91002,50
10011050,71011026,2,31090,1
10011051,71011027,2,31090,1
10011052,71011028,2,31090,2
10011053,71011029,2,31090,2
10011054,71011030,2,31090,4
10011055,71011031,1,109001,1
10011056,71011032,2,31090,10
10011057,81011001,2,31090,2
10011058,81011001,8,91002,30
10011059,81011002,2,60102,100
10011060,81011002,12,94002,30000
10011061,81011003,2,60102,100
10011062,81011003,12,94002,30000
10011063,81011004,2,31090,2
10011064,81011004,8,91002,30
10011065,81011005,2,60102,100
10011066,81011005,12,94002,30000
10011067,81011006,2,60102,100
10011068,81011006,12,94002,30000
10011069,81011007,2,31090,2
10011070,81011007,8,91002,30
10012001,61012001,2,60112,5
10012002,61012002,2,60112,5
10012003,71012001,8,91002,30
10012004,71012001,2,22002,1
10012005,71012002,8,91002,30
10012006,71012002,2,22002,1
10012007,71012003,8,91002,30
10012008,71012003,2,22002,1
10012009,71012004,8,91002,30
10012010,71012004,2,22002,1
10012011,71012005,8,91002,30
10012012,71012005,2,22002,1
10012013,71012006,8,91002,30
10012014,71012006,2,22002,1
10012015,71012007,8,91002,30
10012016,71012007,2,22002,1
10012017,71012008,8,91002,30
10012018,71012008,2,22002,1
10012019,71012009,8,91002,30
10012020,71012009,2,22002,1
10012021,71012010,8,91002,30
10012022,71012010,2,22002,1
10012023,71012011,8,91002,30
10012024,71012011,2,22002,1
10012025,71012012,8,91002,30
10012026,71012012,2,22002,1
10012027,71012013,8,91002,30
10012028,71012013,2,22002,1
10012029,71012014,8,91002,30
10012030,71012014,2,22002,1
10012031,71012015,8,91002,30
10012032,71012015,2,22002,1
10012033,71012016,8,91002,60
10012034,71012016,2,22002,2
10012035,71012017,8,91002,60
10012036,71012017,2,22002,2
10012037,71012018,8,91002,60
10012038,71012018,2,22002,2
10012039,71012019,8,91002,60
10012040,71012019,2,22002,2
10012041,71012020,8,91002,60
10012042,71012020,2,22002,2
10012043,71012021,12,94002,50000
10012044,71012022,12,94002,100000
10012045,71012023,12,94002,150000
10012046,71012024,12,94002,200000
10012047,71012025,8,91002,50
10012048,71012026,2,31043,1
10012049,71012027,2,31043,1
10012050,71012028,2,31043,2
10012051,71012029,2,31043,2
10012052,71012030,2,31043,4
10012053,71012031,2,31043,10
10012054,81012001,2,31043,2
10012055,81012001,8,91002,30
10012056,81012002,2,60112,100
10012057,81012002,12,94002,30000
10012058,81012003,2,60112,100
10012059,81012003,12,94002,30000
10012060,81012004,2,31043,2
10012061,81012004,8,91002,30
10012062,81012005,2,60112,100
10012063,81012005,12,94002,30000
10012064,81012006,2,60112,100
10012065,81012006,12,94002,30000
10012066,81012007,2,31043,2
10012067,81012007,8,91002,30
10012068,61013001,2,60122,5
10012069,61013002,2,60122,5
10013001,71013001,8,91002,30
10013002,71013001,2,22002,1
10013003,71013002,8,91002,30
10013004,71013002,2,22002,1
10013005,71013003,8,91002,30
10013006,71013003,2,22002,1
10013007,71013004,8,91002,30
10013008,71013004,2,22002,1
10013009,71013005,8,91002,30
10013010,71013005,2,22002,1
10013011,71013006,8,91002,30
10013012,71013006,2,22002,1
10013013,71013007,8,91002,30
10013014,71013007,2,22002,1
10013015,71013008,8,91002,30
10013016,71013008,2,22002,1
10013017,71013009,8,91002,30
10013018,71013009,2,22002,1
10013019,71013010,8,91002,30
10013020,71013010,2,22002,1
10013021,71013011,8,91002,30
10013022,71013011,2,22002,1
10013023,71013012,8,91002,30
10013024,71013012,2,22002,1
10013025,71013013,8,91002,30
10013026,71013013,2,22002,1
10013027,71013014,8,91002,30
10013028,71013014,2,22002,1
10013029,71013015,8,91002,30
10013030,71013015,2,22002,1
10013031,71013016,8,91002,60
10013032,71013016,2,22002,2
10013033,71013017,8,91002,60
10013034,71013017,2,22002,2
10013035,71013018,8,91002,60
10013036,71013018,2,22002,2
10013037,71013019,8,91002,60
10013038,71013019,2,22002,2
10013039,71013020,8,91002,60
10013040,71013020,2,22002,2
10013041,71013021,12,94002,50000
10013042,71013022,12,94002,100000
10013043,71013023,12,94002,150000
10013044,71013024,12,94002,200000
10013045,71013025,8,91002,50
10013046,71013026,2,31093,1
10013047,71013027,2,31093,1
10013048,71013028,2,31093,2
10013049,71013029,2,31093,2
10013050,71013030,2,31093,4
10013051,71013031,1,109301,1
10013052,71013032,2,31093,10
10013053,81013001,2,31093,2
10013054,81013001,8,91002,30
10013055,81013002,2,60122,100
10013056,81013002,12,94002,30000
10013057,81013003,2,60122,100
10013058,81013003,12,94002,30000
10013059,81013004,2,31093,2
10013060,81013004,8,91002,30
10013061,81013005,2,60122,100
10013062,81013005,12,94002,30000
10013063,81013006,2,60122,100
10013064,81013006,12,94002,30000
10013065,81013007,2,31093,2
10013066,81013007,8,91002,30
10014001,61014001,2,60132,5
10014002,61014002,2,60132,5
10014003,71014001,8,91002,30
10014004,71014001,2,22002,1
10014005,71014002,8,91002,30
10014006,71014002,2,22002,1
10014007,71014003,8,91002,30
10014008,71014003,2,22002,1
10014009,71014004,8,91002,30
10014010,71014004,2,22002,1
10014011,71014005,8,91002,30
10014012,71014005,2,22002,1
10014013,71014006,8,91002,30
10014014,71014006,2,22002,1
10014015,71014007,8,91002,30
10014016,71014007,2,22002,1
10014017,71014008,8,91002,30
10014018,71014008,2,22002,1
10014019,71014009,8,91002,30
10014020,71014009,2,22002,1
10014021,71014010,8,91002,30
10014022,71014010,2,22002,1
10014023,71014011,8,91002,30
10014024,71014011,2,22002,1
10014025,71014012,8,91002,30
10014026,71014012,2,22002,1
10014027,71014013,8,91002,30
10014028,71014013,2,22002,1
10014029,71014014,8,91002,30
10014030,71014014,2,22002,1
10014031,71014015,8,91002,30
10014032,71014015,2,22002,1
10014033,71014016,8,91002,60
10014034,71014016,2,22002,2
10014035,71014017,8,91002,60
10014036,71014017,2,22002,2
10014037,71014018,8,91002,60
10014038,71014018,2,22002,2
10014039,71014019,8,91002,60
10014040,71014019,2,22002,2
10014041,71014020,8,91002,60
10014042,71014020,2,22002,2
10014043,71014021,12,94002,50000
10014044,71014022,12,94002,100000
10014045,71014023,12,94002,150000
10014046,71014024,12,94002,200000
10014047,71014025,8,91002,50
10014048,71014026,2,31012,1
10014049,71014027,2,31012,1
10014050,71014028,2,31012,1
10014051,71014029,2,31012,1
10014052,71014030,2,31012,1
10014053,71014031,2,31012,4
10015001,61015001,2,60142,5
10015002,61015002,2,60142,5
10015003,71015001,8,91002,30
10015004,71015001,2,22002,1
10015005,71015002,8,91002,30
10015006,71015002,2,22002,1
10015007,71015003,8,91002,30
10015008,71015003,2,22002,1
10015009,71015004,8,91002,30
10015010,71015004,2,22002,1
10015011,71015005,8,91002,30
10015012,71015005,2,22002,1
10015013,71015006,8,91002,30
10015014,71015006,2,22002,1
10015015,71015007,8,91002,30
10015016,71015007,2,22002,1
10015017,71015008,8,91002,30
10015018,71015008,2,22002,1
10015019,71015009,8,91002,30
10015020,71015009,2,22002,1
10015021,71015010,8,91002,30
10015022,71015010,2,22002,1
10015023,71015011,8,91002,30
10015024,71015011,2,22002,1
10015025,71015012,8,91002,30
10015026,71015012,2,22002,1
10015027,71015013,8,91002,30
10015028,71015013,2,22002,1
10015029,71015014,8,91002,30
10015030,71015014,2,22002,1
10015031,71015015,8,91002,30
10015032,71015015,2,22002,1
10015033,71015016,8,91002,60
10015034,71015016,2,22002,2
10015035,71015017,8,91002,60
10015036,71015017,2,22002,2
10015037,71015018,8,91002,60
10015038,71015018,2,22002,2
10015039,71015019,8,91002,60
10015040,71015019,2,22002,2
10015041,71015020,8,91002,60
10015042,71015020,2,22002,2
10015043,71015021,12,94002,50000
10015044,71015022,12,94002,100000
10015045,71015023,12,94002,150000
10015046,71015024,12,94002,200000
10015047,71015025,8,91002,50
10015048,71015026,2,31053,1
10015049,71015027,2,31053,1
10015050,71015028,2,31053,2
10015051,71015029,2,31053,2
10015052,71015030,2,31053,4
10015053,71015031,2,31053,10
10015054,81015001,2,31053,2
10015055,81015001,8,91002,30
10015056,81015002,2,60142,100
10015057,81015002,12,94002,30000
10015058,81015003,2,60142,100
10015059,81015003,12,94002,30000
10015060,81015004,2,31053,2
10015061,81015004,8,91002,30
10015062,81015005,2,60142,100
10015063,81015005,12,94002,30000
10015064,81015006,2,60142,100
10015065,81015006,12,94002,30000
10015066,81015007,2,31053,2
10015067,81015007,8,91002,30
10016001,61016001,2,60152,5
10016002,61016002,2,60152,5
10016003,71016001,8,91002,30
10016004,71016001,2,22002,1
10016005,71016002,8,91002,30
10016006,71016002,2,22002,1
10016007,71016003,8,91002,30
10016008,71016003,2,22002,1
10016009,71016004,8,91002,30
10016010,71016004,2,22002,1
10016011,71016005,8,91002,30
10016012,71016005,2,22002,1
10016013,71016006,8,91002,30
10016014,71016006,2,22002,1
10016015,71016007,8,91002,30
10016016,71016007,2,22002,1
10016017,71016008,8,91002,30
10016018,71016008,2,22002,1
10016019,71016009,8,91002,30
10016020,71016009,2,22002,1
10016021,71016010,8,91002,30
10016022,71016010,2,22002,1
10016023,71016011,8,91002,30
10016024,71016011,2,22002,1
10016025,71016012,8,91002,30
10016026,71016012,2,22002,1
10016027,71016013,8,91002,30
10016028,71016013,2,22002,1
10016029,71016014,8,91002,30
10016030,71016014,2,22002,1
10016031,71016015,8,91002,30
10016032,71016015,2,22002,1
10016033,71016016,8,91002,60
10016034,71016016,2,22002,2
10016035,71016017,8,91002,60
10016036,71016017,2,22002,2
10016037,71016018,8,91002,60
10016038,71016018,2,22002,2
10016039,71016019,8,91002,60
10016040,71016019,2,22002,2
10016041,71016020,8,91002,60
10016042,71016020,2,22002,2
10016043,71016021,12,94002,50000
10016044,71016022,12,94002,100000
10016045,71016023,12,94002,150000
10016046,71016024,12,94002,200000
10016047,71016025,8,91002,50
10016048,71016026,2,31020,1
10016049,71016027,2,31020,1
10016050,71016028,2,31020,1
10016051,71016029,2,31020,1
10016052,71016030,2,31020,1
10016053,71016031,2,31020,4
10017001,61017001,2,60162,5
10017002,61017002,2,60162,5
10017003,71017001,8,91002,30
10017004,71017001,2,22002,1
10017005,71017002,8,91002,30
10017006,71017002,2,22002,1
10017007,71017003,8,91002,30
10017008,71017003,2,22002,1
10017009,71017004,8,91002,30
10017010,71017004,2,22002,1
10017011,71017005,8,91002,30
10017012,71017005,2,22002,1
10017013,71017006,8,91002,30
10017014,71017006,2,22002,1
10017015,71017007,8,91002,30
10017016,71017007,2,22002,1
10017017,71017008,8,91002,30
10017018,71017008,2,22002,1
10017019,71017009,8,91002,30
10017020,71017009,2,22002,1
10017021,71017010,8,91002,30
10017022,71017010,2,22002,1
10017023,71017011,8,91002,30
10017024,71017011,2,22002,1
10017025,71017012,8,91002,30
10017026,71017012,2,22002,1
10017027,71017013,8,91002,30
10017028,71017013,2,22002,1
10017029,71017014,8,91002,30
10017030,71017014,2,22002,1
10017031,71017015,8,91002,30
10017032,71017015,2,22002,1
10017033,71017016,8,91002,60
10017034,71017016,2,22002,2
10017035,71017017,8,91002,60
10017036,71017017,2,22002,2
10017037,71017018,8,91002,60
10017038,71017018,2,22002,2
10017039,71017019,8,91002,60
10017040,71017019,2,22002,2
10017041,71017020,8,91002,60
10017042,71017020,2,22002,2
10017043,71017021,12,94002,50000
10017044,71017022,12,94002,100000
10017045,71017023,12,94002,150000
10017046,71017024,12,94002,200000
10017047,71017025,8,91002,50
10017048,71017026,2,31098,1
10017049,71017027,2,31098,1
10017050,71017028,2,31098,2
10017051,71017029,2,31098,2
10017052,71017030,2,31098,4
10017053,71017031,1,109801,1
10017054,71017032,2,31098,10
10017055,81017001,2,31098,2
10017056,81017001,8,91002,30
10017057,81017002,2,60162,100
10017058,81017002,12,94002,30000
10017059,81017003,2,60162,100
10017060,81017003,12,94002,30000
10017061,81017004,2,31098,2
10017062,81017004,8,91002,30
10017063,81017005,2,60162,100
10017064,81017005,12,94002,30000
10017065,81017006,2,60162,100
10017066,81017006,12,94002,30000
10017067,81017007,2,31098,2
10017068,81017007,8,91002,30
10017069,81017008,8,91002,100
10018001,61018001,2,60172,5
10018002,61018002,2,60172,5
10018003,71018001,8,91002,30
10018004,71018001,2,22002,1
10018005,71018002,8,91002,30
10018006,71018002,2,22002,1
10018007,71018003,8,91002,30
10018008,71018003,2,22002,1
10018009,71018004,8,91002,30
10018010,71018004,2,22002,1
10018011,71018005,8,91002,30
10018012,71018005,2,22002,1
10018013,71018006,8,91002,30
10018014,71018006,2,22002,1
10018015,71018007,8,91002,30
10018016,71018007,2,22002,1
10018017,71018008,8,91002,30
10018018,71018008,2,22002,1
10018019,71018009,8,91002,30
10018020,71018009,2,22002,1
10018021,71018010,8,91002,30
10018022,71018010,2,22002,1
10018023,71018011,8,91002,30
10018024,71018011,2,22002,1
10018025,71018012,8,91002,30
10018026,71018012,2,22002,1
10018027,71018013,8,91002,30
10018028,71018013,2,22002,1
10018029,71018014,8,91002,30
10018030,71018014,2,22002,1
10018031,71018015,8,91002,30
10018032,71018015,2,22002,1
10018033,71018016,8,91002,60
10018034,71018016,2,22002,2
10018035,71018017,8,91002,60
10018036,71018017,2,22002,2
10018037,71018018,8,91002,60
10018038,71018018,2,22002,2
10018039,71018019,8,91002,60
10018040,71018019,2,22002,2
10018041,71018020,8,91002,60
10018042,71018020,2,22002,2
10018043,71018021,12,94002,50000
10018044,71018022,12,94002,100000
10018045,71018023,12,94002,150000
10018046,71018024,12,94002,200000
10018047,71018025,8,91002,50
10018048,71018026,2,31010,1
10018049,71018027,2,31010,1
10018050,71018028,2,31010,1
10018051,71018029,2,31010,1
10018052,71018030,2,31010,1
10018053,71018031,2,31010,4
10019001,61019001,2,60182,5
10019002,61019002,2,60182,5
10019003,71019001,8,91002,30
10019004,71019001,2,22002,1
10019005,71019002,8,91002,30
10019006,71019002,2,22002,1
10019007,71019003,8,91002,30
10019008,71019003,2,22002,1
10019009,71019004,8,91002,30
10019010,71019004,2,22002,1
10019011,71019005,8,91002,30
10019012,71019005,2,22002,1
10019013,71019006,8,91002,30
10019014,71019006,2,22002,1
10019015,71019007,8,91002,30
10019016,71019007,2,22002,1
10019017,71019008,8,91002,30
10019018,71019008,2,22002,1
10019019,71019009,8,91002,30
10019020,71019009,2,22002,1
10019021,71019010,8,91002,30
10019022,71019010,2,22002,1
10019023,71019011,8,91002,30
10019024,71019011,2,22002,1
10019025,71019012,8,91002,30
10019026,71019012,2,22002,1
10019027,71019013,8,91002,30
10019028,71019013,2,22002,1
10019029,71019014,8,91002,30
10019030,71019014,2,22002,1
10019031,71019015,8,91002,30
10019032,71019015,2,22002,1
10019033,71019016,8,91002,60
10019034,71019016,2,22002,2
10019035,71019017,8,91002,60
10019036,71019017,2,22002,2
10019037,71019018,8,91002,60
10019038,71019018,2,22002,2
10019039,71019019,8,91002,60
10019040,71019019,2,22002,2
10019041,71019020,8,91002,60
10019042,71019020,2,22002,2
10019043,71019021,12,94002,50000
10019044,71019022,12,94002,100000
10019045,71019023,12,94002,150000
10019046,71019024,12,94002,200000
10019047,71019025,8,91002,50
10019048,71019026,2,31101,1
10019049,71019027,2,31101,1
10019050,71019028,2,31101,2
10019051,71019029,2,31101,2
10019052,71019030,2,31101,4
10019053,71019031,1,110101,1
10019054,71019032,2,31101,10
10019055,81019001,2,31101,2
10019056,81019001,8,91002,30
10019057,81019002,2,60182,100
10019058,81019002,12,94002,30000
10019059,81019003,2,60182,100
10019060,81019003,12,94002,30000
10019061,81019004,2,31101,2
10019062,81019004,8,91002,30
10019063,81019005,2,60182,100
10019064,81019005,12,94002,30000
10019065,81019006,2,60182,100
10019066,81019006,12,94002,30000
10019067,81019007,2,31101,2
10019068,81019007,8,91002,30
10019069,81019008,8,91002,100
10020001,61020001,2,60192,5
10020002,61020002,2,60192,5
10020003,71020001,8,91002,30
10020004,71020001,2,22002,1
10020005,71020002,8,91002,30
10020006,71020002,2,22002,1
10020007,71020003,8,91002,30
10020008,71020003,2,22002,1
10020009,71020004,8,91002,30
10020010,71020004,2,22002,1
10020011,71020005,8,91002,30
10020012,71020005,2,22002,1
10020013,71020006,8,91002,30
10020014,71020006,2,22002,1
10020015,71020007,8,91002,30
10020016,71020007,2,22002,1
10020017,71020008,8,91002,30
10020018,71020008,2,22002,1
10020019,71020009,8,91002,30
10020020,71020009,2,22002,1
10020021,71020010,8,91002,30
10020022,71020010,2,22002,1
10020023,71020011,8,91002,30
10020024,71020011,2,22002,1
10020025,71020012,8,91002,30
10020026,71020012,2,22002,1
10020027,71020013,8,91002,30
10020028,71020013,2,22002,1
10020029,71020014,8,91002,30
10020030,71020014,2,22002,1
10020031,71020015,8,91002,30
10020032,71020015,2,22002,1
10020033,71020016,8,91002,60
10020034,71020016,2,22002,2
10020035,71020017,8,91002,60
10020036,71020017,2,22002,2
10020037,71020018,8,91002,60
10020038,71020018,2,22002,2
10020039,71020019,8,91002,60
10020040,71020019,2,22002,2
10020041,71020020,8,91002,60
10020042,71020020,2,22002,2
10020043,71020021,12,94002,50000
10020044,71020022,12,94002,100000
10020045,71020023,12,94002,150000
10020046,71020024,12,94002,200000
10020047,71020025,8,91002,50
10020048,71020026,2,31076,1
10020049,71020027,2,31076,1
10020050,71020028,2,31076,1
10020051,71020029,2,31076,1
10020052,71020030,2,31076,1
10020053,71020031,1,107601,1
10020054,71020032,2,31076,4
10021001,61021001,2,60202,5
10021002,61021002,2,60202,5
10021003,71021001,8,91002,30
10021004,71021001,2,22002,1
10021005,71021002,8,91002,30
10021006,71021002,2,22002,1
10021007,71021003,8,91002,30
10021008,71021003,2,22002,1
10021009,71021004,8,91002,30
10021010,71021004,2,22002,1
10021011,71021005,8,91002,30
10021012,71021005,2,22002,1
10021013,71021006,8,91002,30
10021014,71021006,2,22002,1
10021015,71021007,8,91002,30
10021016,71021007,2,22002,1
10021017,71021008,8,91002,30
10021018,71021008,2,22002,1
10021019,71021009,8,91002,30
10021020,71021009,2,22002,1
10021021,71021010,8,91002,30
10021022,71021010,2,22002,1
10021023,71021011,8,91002,30
10021024,71021011,2,22002,1
10021025,71021012,8,91002,30
10021026,71021012,2,22002,1
10021027,71021013,8,91002,30
10021028,71021013,2,22002,1
10021029,71021014,8,91002,30
10021030,71021014,2,22002,1
10021031,71021015,8,91002,30
10021032,71021015,2,22002,1
10021033,71021016,8,91002,60
10021034,71021016,2,22002,2
10021035,71021017,8,91002,60
10021036,71021017,2,22002,2
10021037,71021018,8,91002,60
10021038,71021018,2,22002,2
10021039,71021019,8,91002,60
10021040,71021019,2,22002,2
10021041,71021020,8,91002,60
10021042,71021020,2,22002,2
10021043,71021021,12,94002,50000
10021044,71021022,12,94002,100000
10021045,71021023,12,94002,150000
10021046,71021024,12,94002,200000
10021047,71021025,8,91002,50
10021048,71021026,2,31105,1
10021049,71021027,2,31105,1
10021050,71021028,2,31105,2
10021051,71021029,2,31105,2
10021052,71021030,2,31105,4
10021053,71021031,1,110501,1
10021054,71021032,2,31105,10
10021055,71021033,7,1704,1
10021056,71021034,7,1705,1
10021057,71021035,7,1706,1
10021058,71021036,7,1707,1
10021059,81021001,2,31105,2
10021060,81021001,8,91002,30
10021061,81021002,2,60202,100
10021062,81021002,12,94002,30000
10021063,81021003,2,60202,100
10021064,81021003,12,94002,30000
10021065,81021004,2,31105,2
10021066,81021004,8,91002,30
10021067,81021005,2,60202,100
10021068,81021005,12,94002,30000
10021069,81021006,2,60202,100
10021070,81021006,12,94002,30000
10021071,81021007,2,31105,2
10021072,81021007,8,91002,30
10021073,81021008,8,91002,100
10022001,61022001,2,60212,5
10022002,61022002,2,60212,5
10022003,71022001,8,91002,30
10022004,71022001,2,22002,1
10022005,71022002,8,91002,30
10022006,71022002,2,22002,1
10022007,71022003,8,91002,30
10022008,71022003,2,22002,1
10022009,71022004,8,91002,30
10022010,71022004,2,22002,1
10022011,71022005,8,91002,30
10022012,71022005,2,22002,1
10022013,71022006,8,91002,30
10022014,71022006,2,22002,1
10022015,71022007,8,91002,30
10022016,71022007,2,22002,1
10022017,71022008,8,91002,30
10022018,71022008,2,22002,1
10022019,71022009,8,91002,30
10022020,71022009,2,22002,1
10022021,71022010,8,91002,30
10022022,71022010,2,22002,1
10022023,71022011,8,91002,30
10022024,71022011,2,22002,1
10022025,71022012,8,91002,30
10022026,71022012,2,22002,1
10022027,71022013,8,91002,30
10022028,71022013,2,22002,1
10022029,71022014,8,91002,30
10022030,71022014,2,22002,1
10022031,71022015,8,91002,30
10022032,71022015,2,22002,1
10022033,71022016,8,91002,60
10022034,71022016,2,22002,2
10022035,71022017,8,91002,60
10022036,71022017,2,22002,2
10022037,71022018,8,91002,60
10022038,71022018,2,22002,2
10022039,71022019,8,91002,60
10022040,71022019,2,22002,2
10022041,71022020,8,91002,60
10022042,71022020,2,22002,2
10022043,71022021,12,94002,50000
10022044,71022022,12,94002,100000
10022045,71022023,12,94002,150000
10022046,71022024,12,94002,200000
10022047,71022025,8,91002,50
10022048,71022026,2,31080,1
10022049,71022027,2,31080,1
10022050,71022028,2,31080,1
10022051,71022029,2,31080,1
10022052,71022030,2,31080,1
10022053,71022031,1,108001,1
10022054,71022032,2,31080,4
10023001,61023001,2,60222,5
10023002,61023002,2,60222,5
10023003,71023001,8,91002,30
10023004,71023001,2,22002,1
10023005,71023002,8,91002,30
10023006,71023002,2,22002,1
10023007,71023003,8,91002,30
10023008,71023003,2,22002,1
10023009,71023004,8,91002,30
10023010,71023004,2,22002,1
10023011,71023005,8,91002,30
10023012,71023005,2,22002,1
10023013,71023006,8,91002,30
10023014,71023006,2,22002,1
10023015,71023007,8,91002,30
10023016,71023007,2,22002,1
10023017,71023008,8,91002,30
10023018,71023008,2,22002,1
10023019,71023009,8,91002,30
10023020,71023009,2,22002,1
10023021,71023010,8,91002,30
10023022,71023010,2,22002,1
10023023,71023011,8,91002,30
10023024,71023011,2,22002,1
10023025,71023012,8,91002,30
10023026,71023012,2,22002,1
10023027,71023013,8,91002,30
10023028,71023013,2,22002,1
10023029,71023014,8,91002,30
10023030,71023014,2,22002,1
10023031,71023015,8,91002,30
10023032,71023015,2,22002,1
10023033,71023016,8,91002,60
10023034,71023016,2,22002,2
10023035,71023017,8,91002,60
10023036,71023017,2,22002,2
10023037,71023018,8,91002,60
10023038,71023018,2,22002,2
10023039,71023019,8,91002,60
10023040,71023019,2,22002,2
10023041,71023020,8,91002,60
10023042,71023020,2,22002,2
10023043,71023021,12,94002,50000
10023044,71023022,12,94002,100000
10023045,71023023,12,94002,150000
10023046,71023024,12,94002,200000
10023047,71023025,8,91002,50
10023048,71023026,2,31056,1
10023049,71023027,2,31056,1
10023050,71023028,2,31056,2
10023051,71023029,2,31056,2
10023052,71023030,2,31056,4
10023053,71023031,2,31056,10
10023054,81023001,2,60222,100
10023055,81023001,12,94002,30000
10023056,81023002,2,31056,2
10023057,81023002,8,91002,30
10023058,81023003,2,60222,100
10023059,81023003,12,94002,30000
10023060,81023004,2,60222,100
10023061,81023004,12,94002,30000
10023062,81023005,2,31056,2
10023063,81023005,8,91002,30
10023064,81023006,2,60222,100
10023065,81023006,12,94002,30000
10023066,81023007,2,31056,2
10023067,81023007,8,91002,30
10023068,81023008,8,91002,100
10024001,61024001,2,60232,5
10024002,61024002,2,60232,5
10024003,71024001,8,91002,30
10024004,71024001,2,22002,1
10024005,71024002,8,91002,30
10024006,71024002,2,22002,1
10024007,71024003,8,91002,30
10024008,71024003,2,22002,1
10024009,71024004,8,91002,30
10024010,71024004,2,22002,1
10024011,71024005,8,91002,30
10024012,71024005,2,22002,1
10024013,71024006,8,91002,30
10024014,71024006,2,22002,1
10024015,71024007,8,91002,30
10024016,71024007,2,22002,1
10024017,71024008,8,91002,30
10024018,71024008,2,22002,1
10024019,71024009,8,91002,30
10024020,71024009,2,22002,1
10024021,71024010,8,91002,30
10024022,71024010,2,22002,1
10024023,71024011,8,91002,30
10024024,71024011,2,22002,1
10024025,71024012,8,91002,30
10024026,71024012,2,22002,1
10024027,71024013,8,91002,30
10024028,71024013,2,22002,1
10024029,71024014,8,91002,30
10024030,71024014,2,22002,1
10024031,71024015,8,91002,30
10024032,71024015,2,22002,1
10024033,71024016,8,91002,60
10024034,71024016,2,22002,2
10024035,71024017,8,91002,60
10024036,71024017,2,22002,2
10024037,71024018,8,91002,60
10024038,71024018,2,22002,2
10024039,71024019,8,91002,60
10024040,71024019,2,22002,2
10024041,71024020,8,91002,60
10024042,71024020,2,22002,2
10024043,71024021,12,94002,50000
10024044,71024022,12,94002,100000
10024045,71024023,12,94002,150000
10024046,71024024,12,94002,200000
10024047,71024025,8,91002,50
10024048,71024026,2,31047,1
10024049,71024027,2,31047,1
10024050,71024028,2,31047,1
10024051,71024029,2,31047,1
10024052,71024030,2,31047,1
10024053,71024031,2,31047,4
10025001,61025001,2,60242,5
10025002,61025002,2,60242,5
10025003,71025001,8,91002,30
10025004,71025001,2,22002,1
10025005,71025002,8,91002,30
10025006,71025002,2,22002,1
10025007,71025003,8,91002,30
10025008,71025003,2,22002,1
10025009,71025004,8,91002,30
10025010,71025004,2,22002,1
10025011,71025005,8,91002,30
10025012,71025005,2,22002,1
10025013,71025006,8,91002,30
10025014,71025006,2,22002,1
10025015,71025007,8,91002,30
10025016,71025007,2,22002,1
10025017,71025008,8,91002,30
10025018,71025008,2,22002,1
10025019,71025009,8,91002,30
10025020,71025009,2,22002,1
10025021,71025010,8,91002,30
10025022,71025010,2,22002,1
10025023,71025011,8,91002,30
10025024,71025011,2,22002,1
10025025,71025012,8,91002,30
10025026,71025012,2,22002,1
10025027,71025013,8,91002,30
10025028,71025013,2,22002,1
10025029,71025014,8,91002,30
10025030,71025014,2,22002,1
10025031,71025015,8,91002,30
10025032,71025015,2,22002,1
10025033,71025016,8,91002,60
10025034,71025016,2,22002,2
10025035,71025017,8,91002,60
10025036,71025017,2,22002,2
10025037,71025018,8,91002,60
10025038,71025018,2,22002,2
10025039,71025019,8,91002,60
10025040,71025019,2,22002,2
10025041,71025020,8,91002,60
10025042,71025020,2,22002,2
10025043,71025021,12,94002,50000
10025044,71025022,12,94002,100000
10025045,71025023,12,94002,150000
10025046,71025024,12,94002,200000
10025047,71025025,8,91002,50
10025048,71025026,2,31112,1
10025049,71025027,2,31112,1
10025050,71025028,2,31112,2
10025051,71025029,2,31112,2
10025052,71025030,2,31112,4
10025053,71025031,1,111201,1
10025054,71025032,2,31112,10
10025055,81025001,2,31112,2
10025056,81025001,8,91002,30
10025057,81025002,2,60242,100
10025058,81025002,12,94002,30000
10025059,81025003,2,60242,100
10025060,81025003,12,94002,30000
10025061,81025004,2,31112,2
10025062,81025004,8,91002,30
10025063,81025005,2,60242,100
10025064,81025005,12,94002,30000
10025065,81025006,2,60242,100
10025066,81025006,12,94002,30000
10025067,81025007,2,31112,2
10025068,81025007,8,91002,30
10025069,81025008,8,91002,100
10026001,61026001,2,60252,5
10026002,61026002,2,60252,5
10026003,71026001,8,91002,30
10026004,71026001,2,22002,1
10026005,71026002,8,91002,30
10026006,71026002,2,22002,1
10026007,71026003,8,91002,30
10026008,71026003,2,22002,1
10026009,71026004,8,91002,30
10026010,71026004,2,22002,1
10026011,71026005,8,91002,30
10026012,71026005,2,22002,1
10026013,71026006,8,91002,30
10026014,71026006,2,22002,1
10026015,71026007,8,91002,30
10026016,71026007,2,22002,1
10026017,71026008,8,91002,30
10026018,71026008,2,22002,1
10026019,71026009,8,91002,30
10026020,71026009,2,22002,1
10026021,71026010,8,91002,30
10026022,71026010,2,22002,1
10026023,71026011,8,91002,30
10026024,71026011,2,22002,1
10026025,71026012,8,91002,30
10026026,71026012,2,22002,1
10026027,71026013,8,91002,30
10026028,71026013,2,22002,1
10026029,71026014,8,91002,30
10026030,71026014,2,22002,1
10026031,71026015,8,91002,30
10026032,71026015,2,22002,1
10026033,71026016,8,91002,60
10026034,71026016,2,22002,2
10026035,71026017,8,91002,60
10026036,71026017,2,22002,2
10026037,71026018,8,91002,60
10026038,71026018,2,22002,2
10026039,71026019,8,91002,60
10026040,71026019,2,22002,2
10026041,71026020,8,91002,60
10026042,71026020,2,22002,2
10026043,71026021,12,94002,50000
10026044,71026022,12,94002,100000
10026045,71026023,12,94002,150000
10026046,71026024,12,94002,200000
10026047,71026025,8,91002,50
10026048,71026026,2,31082,1
10026049,71026027,2,31082,1
10026050,71026028,2,31082,1
10026051,71026029,2,31082,1
10026052,71026030,2,31082,1
10026053,71026031,1,108201,1
10026054,71026032,2,31082,4
10027001,61027001,2,60262,5
10027002,61027002,2,60262,5
10027003,71027001,8,91002,30
10027004,71027001,2,22002,1
10027005,71027002,8,91002,30
10027006,71027002,2,22002,1
10027007,71027003,8,91002,30
10027008,71027003,2,22002,1
10027009,71027004,8,91002,30
10027010,71027004,2,22002,1
10027011,71027005,8,91002,30
10027012,71027005,2,22002,1
10027013,71027006,8,91002,30
10027014,71027006,2,22002,1
10027015,71027007,8,91002,30
10027016,71027007,2,22002,1
10027017,71027008,8,91002,30
10027018,71027008,2,22002,1
10027019,71027009,8,91002,30
10027020,71027009,2,22002,1
10027021,71027010,8,91002,30
10027022,71027010,2,22002,1
10027023,71027011,8,91002,30
10027024,71027011,2,22002,1
10027025,71027012,8,91002,30
10027026,71027012,2,22002,1
10027027,71027013,8,91002,30
10027028,71027013,2,22002,1
10027029,71027014,8,91002,30
10027030,71027014,2,22002,1
10027031,71027015,8,91002,30
10027032,71027015,2,22002,1
10027033,71027016,8,91002,60
10027034,71027016,2,22002,2
10027035,71027017,8,91002,60
10027036,71027017,2,22002,2
10027037,71027018,8,91002,60
10027038,71027018,2,22002,2
10027039,71027019,8,91002,60
10027040,71027019,2,22002,2
10027041,71027020,8,91002,60
10027042,71027020,2,22002,2
10027043,71027021,12,94002,50000
10027044,71027022,12,94002,100000
10027045,71027023,12,94002,150000
10027046,71027024,12,94002,200000
10027047,71027025,8,91002,50
10027048,71027026,2,31037,1
10027049,71027027,2,31037,1
10027050,71027028,2,31037,2
10027051,71027029,2,31037,2
10027052,71027030,2,31037,4
10027053,71027031,2,31037,10
10027054,81027001,2,60262,100
10027055,81027001,12,94002,30000
10027056,81027002,2,31037,2
10027057,81027002,8,91002,30
10027058,81027003,2,60262,100
10027059,81027003,12,94002,30000
10027060,81027004,2,60262,100
10027061,81027004,12,94002,30000
10027062,81027005,2,31037,2
10027063,81027005,8,91002,30
10027064,81027006,2,60262,100
10027065,81027006,12,94002,30000
10027066,81027007,2,31037,2
10027067,81027007,8,91002,30
10027068,81027008,8,91002,100
10028001,61028001,2,60272,5
10028002,61028002,2,60272,5
10028003,71028001,8,91002,30
10028004,71028001,2,22002,1
10028005,71028002,8,91002,30
10028006,71028002,2,22002,1
10028007,71028003,8,91002,30
10028008,71028003,2,22002,1
10028009,71028004,8,91002,30
10028010,71028004,2,22002,1
10028011,71028005,8,91002,30
10028012,71028005,2,22002,1
10028013,71028006,8,91002,30
10028014,71028006,2,22002,1
10028015,71028007,8,91002,30
10028016,71028007,2,22002,1
10028017,71028008,8,91002,30
10028018,71028008,2,22002,1
10028019,71028009,8,91002,30
10028020,71028009,2,22002,1
10028021,71028010,8,91002,30
10028022,71028010,2,22002,1
10028023,71028011,8,91002,30
10028024,71028011,2,22002,1
10028025,71028012,8,91002,30
10028026,71028012,2,22002,1
10028027,71028013,8,91002,30
10028028,71028013,2,22002,1
10028029,71028014,8,91002,30
10028030,71028014,2,22002,1
10028031,71028015,8,91002,30
10028032,71028015,2,22002,1
10028033,71028016,8,91002,60
10028034,71028016,2,22002,2
10028035,71028017,8,91002,60
10028036,71028017,2,22002,2
10028037,71028018,8,91002,60
10028038,71028018,2,22002,2
10028039,71028019,8,91002,60
10028040,71028019,2,22002,2
10028041,71028020,8,91002,60
10028042,71028020,2,22002,2
10028043,71028021,12,94002,50000
10028044,71028022,12,94002,100000
10028045,71028023,12,94002,150000
10028046,71028024,12,94002,200000
10028047,71028025,8,91002,50
10028048,71028026,2,31009,1
10028049,71028027,2,31009,1
10028050,71028028,2,31009,1
10028051,71028029,2,31009,1
10028052,71028030,2,31009,1
10028053,71028031,2,31009,4
10029001,61029001,2,60282,5
10029002,61029002,2,60282,5
10029003,71029001,8,91002,30
10029004,71029001,2,22002,1
10029005,71029002,8,91002,30
10029006,71029002,2,22002,1
10029007,71029003,8,91002,30
10029008,71029003,2,22002,1
10029009,71029004,8,91002,30
10029010,71029004,2,22002,1
10029011,71029005,8,91002,30
10029012,71029005,2,22002,1
10029013,71029006,8,91002,30
10029014,71029006,2,22002,1
10029015,71029007,8,91002,30
10029016,71029007,2,22002,1
10029017,71029008,8,91002,30
10029018,71029008,2,22002,1
10029019,71029009,8,91002,30
10029020,71029009,2,22002,1
10029021,71029010,8,91002,30
10029022,71029010,2,22002,1
10029023,71029011,8,91002,30
10029024,71029011,2,22002,1
10029025,71029012,8,91002,30
10029026,71029012,2,22002,1
10029027,71029013,8,91002,30
10029028,71029013,2,22002,1
10029029,71029014,8,91002,30
10029030,71029014,2,22002,1
10029031,71029015,8,91002,30
10029032,71029015,2,22002,1
10029033,71029016,8,91002,60
10029034,71029016,2,22002,2
10029035,71029017,8,91002,60
10029036,71029017,2,22002,2
10029037,71029018,8,91002,60
10029038,71029018,2,22002,2
10029039,71029019,8,91002,60
10029040,71029019,2,22002,2
10029041,71029020,8,91002,60
10029042,71029020,2,22002,2
10029043,71029021,12,94002,50000
10029044,71029022,12,94002,100000
10029045,71029023,12,94002,150000
10029046,71029024,12,94002,200000
10029047,71029025,8,91002,50
10029048,71029026,2,31116,1
10029049,71029027,2,31116,1
10029050,71029028,2,31116,2
10029051,71029029,2,31116,2
10029052,71029030,2,31116,4
10029053,71029031,1,111601,1
10029054,71029032,7,2205,1
10029055,71029033,2,31116,10
10029056,81029001,2,31116,2
10029057,81029001,8,91002,30
10029058,81029002,2,60282,100
10029059,81029002,12,94002,30000
10029060,81029003,2,60282,100
10029061,81029003,12,94002,30000
10029062,81029004,2,31116,2
10029063,81029004,8,91002,30
10029064,81029005,2,60282,100
10029065,81029005,12,94002,30000
10029066,81029006,2,60282,100
10029067,81029006,12,94002,30000
10029068,81029007,2,31116,2
10029069,81029007,8,91002,30
10029070,81029008,8,91002,100
10030001,61030001,2,60292,5
10030002,61030002,2,60292,5
10030003,71030001,8,91002,30
10030004,71030001,2,22002,1
10030005,71030002,8,91002,30
10030006,71030002,2,22002,1
10030007,71030003,8,91002,30
10030008,71030003,2,22002,1
10030009,71030004,8,91002,30
10030010,71030004,2,22002,1
10030011,71030005,8,91002,30
10030012,71030005,2,22002,1
10030013,71030006,8,91002,30
10030014,71030006,2,22002,1
10030015,71030007,8,91002,30
10030016,71030007,2,22002,1
10030017,71030008,8,91002,30
10030018,71030008,2,22002,1
10030019,71030009,8,91002,30
10030020,71030009,2,22002,1
10030021,71030010,8,91002,30
10030022,71030010,2,22002,1
10030023,71030011,8,91002,30
10030024,71030011,2,22002,1
10030025,71030012,8,91002,30
10030026,71030012,2,22002,1
10030027,71030013,8,91002,30
10030028,71030013,2,22002,1
10030029,71030014,8,91002,30
10030030,71030014,2,22002,1
10030031,71030015,8,91002,30
10030032,71030015,2,22002,1
10030033,71030016,8,91002,60
10030034,71030016,2,22002,2
10030035,71030017,8,91002,60
10030036,71030017,2,22002,2
10030037,71030018,8,91002,60
10030038,71030018,2,22002,2
10030039,71030019,8,91002,60
10030040,71030019,2,22002,2
10030041,71030020,8,91002,60
10030042,71030020,2,22002,2
10030043,71030021,12,94002,50000
10030044,71030022,12,94002,100000
10030045,71030023,12,94002,150000
10030046,71030024,12,94002,200000
10030047,71030025,8,91002,50
10030048,71030026,2,31085,1
10030049,71030027,2,31085,1
10030050,71030028,2,31085,1
10030051,71030029,2,31085,1
10030052,71030030,2,31085,1
10030053,71030031,1,108501,1
10030054,71030032,2,31085,4
10031001,61031001,2,60302,5
10031002,61031002,2,60302,5
10031003,71031001,8,91002,30
10031004,71031001,2,22002,1
10031005,71031002,8,91002,30
10031006,71031002,2,22002,1
10031007,71031003,8,91002,30
10031008,71031003,2,22002,1
10031009,71031004,8,91002,30
10031010,71031004,2,22002,1
10031011,71031005,8,91002,30
10031012,71031005,2,22002,1
10031013,71031006,8,91002,30
10031014,71031006,2,22002,1
10031015,71031007,8,91002,30
10031016,71031007,2,22002,1
10031017,71031008,8,91002,30
10031018,71031008,2,22002,1
10031019,71031009,8,91002,30
10031020,71031009,2,22002,1
10031021,71031010,8,91002,30
10031022,71031010,2,22002,1
10031023,71031011,8,91002,30
10031024,71031011,2,22002,1
10031025,71031012,8,91002,30
10031026,71031012,2,22002,1
10031027,71031013,8,91002,30
10031028,71031013,2,22002,1
10031029,71031014,8,91002,30
10031030,71031014,2,22002,1
10031031,71031015,8,91002,30
10031032,71031015,2,22002,1
10031033,71031016,8,91002,60
10031034,71031016,2,22002,2
10031035,71031017,8,91002,60
10031036,71031017,2,22002,2
10031037,71031018,8,91002,60
10031038,71031018,2,22002,2
10031039,71031019,8,91002,60
10031040,71031019,2,22002,2
10031041,71031020,8,91002,60
10031042,71031020,2,22002,2
10031043,71031021,12,94002,50000
10031044,71031022,12,94002,100000
10031045,71031023,12,94002,150000
10031046,71031024,12,94002,200000
10031047,71031025,8,91002,50
10031048,71031026,2,31121,1
10031049,71031027,2,31121,1
10031050,71031028,2,31121,2
10031051,71031029,2,31121,2
10031052,71031030,2,31121,4
10031053,71031031,1,112101,1
10031054,71031032,2,31121,10
10031055,81031001,2,31121,2
10031056,81031001,8,91002,30
10031057,81031002,2,60302,100
10031058,81031002,12,94002,30000
10031059,81031003,2,60302,100
10031060,81031003,12,94002,30000
10031061,81031004,2,31121,2
10031062,81031004,8,91002,30
10031063,81031005,2,60302,100
10031064,81031005,12,94002,30000
10031065,81031006,2,60302,100
10031066,81031006,12,94002,30000
10031067,81031007,2,31121,2
10031068,81031007,8,91002,30
10031069,81031008,8,91002,100
10032001,61032001,2,60312,5
10032002,61032002,2,60312,5
10032003,71032001,8,91002,30
10032004,71032001,2,22002,1
10032005,71032002,8,91002,30
10032006,71032002,2,22002,1
10032007,71032003,8,91002,30
10032008,71032003,2,22002,1
10032009,71032004,8,91002,30
10032010,71032004,2,22002,1
10032011,71032005,8,91002,30
10032012,71032005,2,22002,1
10032013,71032006,8,91002,30
10032014,71032006,2,22002,1
10032015,71032007,8,91002,30
10032016,71032007,2,22002,1
10032017,71032008,8,91002,30
10032018,71032008,2,22002,1
10032019,71032009,8,91002,30
10032020,71032009,2,22002,1
10032021,71032010,8,91002,30
10032022,71032010,2,22002,1
10032023,71032011,8,91002,30
10032024,71032011,2,22002,1
10032025,71032012,8,91002,30
10032026,71032012,2,22002,1
10032027,71032013,8,91002,30
10032028,71032013,2,22002,1
10032029,71032014,8,91002,30
10032030,71032014,2,22002,1
10032031,71032015,8,91002,30
10032032,71032015,2,22002,1
10032033,71032016,8,91002,60
10032034,71032016,2,22002,2
10032035,71032017,8,91002,60
10032036,71032017,2,22002,2
10032037,71032018,8,91002,60
10032038,71032018,2,22002,2
10032039,71032019,8,91002,60
10032040,71032019,2,22002,2
10032041,71032020,8,91002,60
10032042,71032020,2,22002,2
10032043,71032021,12,94002,50000
10032044,71032022,12,94002,100000
10032045,71032023,12,94002,150000
10032046,71032024,12,94002,200000
10032047,71032025,8,91002,50
10032048,71032026,2,31089,1
10032049,71032027,2,31089,1
10032050,71032028,2,31089,1
10032051,71032029,2,31089,1
10032052,71032030,2,31089,1
10032053,71032031,1,108901,1
10032054,71032032,2,31089,4
10033001,61033001,2,60322,5
10033002,61033002,2,60322,5
10033003,71033001,8,91002,30
10033004,71033001,2,22002,1
10033005,71033002,8,91002,30
10033006,71033002,2,22002,1
10033007,71033003,8,91002,30
10033008,71033003,2,22002,1
10033009,71033004,8,91002,30
10033010,71033004,2,22002,1
10033011,71033005,8,91002,30
10033012,71033005,2,22002,1
10033013,71033006,8,91002,30
10033014,71033006,2,22002,1
10033015,71033007,8,91002,30
10033016,71033007,2,22002,1
10033017,71033008,8,91002,30
10033018,71033008,2,22002,1
10033019,71033009,8,91002,30
10033020,71033009,2,22002,1
10033021,71033010,8,91002,30
10033022,71033010,2,22002,1
10033023,71033011,8,91002,30
10033024,71033011,2,22002,1
10033025,71033012,8,91002,30
10033026,71033012,2,22002,1
10033027,71033013,8,91002,30
10033028,71033013,2,22002,1
10033029,71033014,8,91002,30
10033030,71033014,2,22002,1
10033031,71033015,8,91002,30
10033032,71033015,2,22002,1
10033033,71033016,8,91002,60
10033034,71033016,2,22002,2
10033035,71033017,8,91002,60
10033036,71033017,2,22002,2
10033037,71033018,8,91002,60
10033038,71033018,2,22002,2
10033039,71033019,8,91002,60
10033040,71033019,2,22002,2
10033041,71033020,8,91002,60
10033042,71033020,2,22002,2
10033043,71033021,12,94002,50000
10033044,71033022,12,94002,100000
10033045,71033023,12,94002,150000
10033046,71033024,12,94002,200000
10033047,71033025,8,91002,50
10033048,71033026,2,31123,1
10033049,71033027,2,31123,1
10033050,71033028,2,31123,2
10033051,71033029,2,31123,2
10033052,71033030,2,31123,4
10033053,71033031,1,112301,1
10033054,71033032,7,2307,1
10033055,71033032,7,2308,1
10033056,71033033,2,31123,10
10033057,81033001,2,31123,2
10033058,81033001,8,91002,30
10033059,81033002,2,60322,100
10033060,81033002,12,94002,30000
10033061,81033003,2,60322,100
10033062,81033003,12,94002,30000
10033063,81033004,2,31123,2
10033064,81033004,8,91002,30
10033065,81033005,2,60322,100
10033066,81033005,12,94002,30000
10033067,81033006,2,60322,100
10033068,81033006,12,94002,30000
10033069,81033007,2,31123,2
10033070,81033007,8,91002,30
10033071,81033008,8,91002,100
10034001,61034001,2,60332,5
10034002,61034002,2,60332,5
10034005,71034001,8,91002,30
10034006,71034001,2,22002,1
10034007,71034002,8,91002,30
10034008,71034002,2,22002,1
10034009,71034003,8,91002,30
10034010,71034003,2,22002,1
10034011,71034004,8,91002,30
10034012,71034004,2,22002,1
10034013,71034005,8,91002,30
10034014,71034005,2,22002,1
10034015,71034006,8,91002,30
10034016,71034006,2,22002,1
10034017,71034007,8,91002,30
10034018,71034007,2,22002,1
10034019,71034008,8,91002,30
10034020,71034008,2,22002,1
10034021,71034009,8,91002,30
10034022,71034009,2,22002,1
10034023,71034010,8,91002,30
10034024,71034010,2,22002,1
10034025,71034011,8,91002,30
10034026,71034011,2,22002,1
10034027,71034012,8,91002,30
10034028,71034012,2,22002,1
10034029,71034013,8,91002,30
10034030,71034013,2,22002,1
10034031,71034014,8,91002,30
10034032,71034014,2,22002,1
10034033,71034015,8,91002,30
10034034,71034015,2,22002,1
10034035,71034016,8,91002,60
10034036,71034016,2,22002,2
10034037,71034017,8,91002,60
10034038,71034017,2,22002,2
10034039,71034018,8,91002,60
10034040,71034018,2,22002,2
10034041,71034019,8,91002,60
10034042,71034019,2,22002,2
10034043,71034020,8,91002,60
10034044,71034020,2,22002,2
10034045,71034021,12,94002,50000
10034046,71034022,12,94002,100000
10034047,71034023,12,94002,150000
10034048,71034024,12,94002,200000
10034049,71034025,8,91002,50
10034050,71034026,2,31090,1
10034051,71034027,2,31090,1
10034052,71034028,2,31090,1
10034053,71034029,2,31090,1
10034054,71034030,2,31090,1
10034055,71034031,1,109001,1
10034056,71034032,2,31090,4
10034057,81034001,2,31090,1
10034058,81034001,8,91002,25
10034059,81034002,2,60332,50
10034060,81034002,12,94002,30000
10034061,81034003,2,60332,50
10034062,81034003,12,94002,30000
10034063,81034004,2,31090,1
10034064,81034004,8,91002,25
10034065,81034005,2,60332,50
10034066,81034005,12,94002,30000
10034067,81034006,2,60332,50
10034068,81034006,12,94002,30000
10034069,81034007,2,31090,1
10034070,81034007,8,91002,25
10034071,81034008,8,91002,50
