still_id,story_group_id,story_id,still_group_id,vertical_still_flg,position_y,unit_id_1,unit_id_2,unit_id_3,unit_id_4,unit_id_5,unit_id_6,unit_id_7,unit_id_8,unit_id_9,unit_id_10,facial_id,album_ignore,my_page_flag,scroll_direction
100100201,1001,1001002,0,0,0,100111,0,0,0,0,0,0,0,0,0,1,0,1,0
100100801,1001,1001008,0,1,-840,0,0,0,0,0,0,0,0,0,0,1,0,0,0
100101101,1001,1001011,1001011,0,0,100131,0,0,0,0,0,0,0,0,0,1,0,1,0
100101102,1001,1001011,1001011,0,0,100131,0,0,0,0,0,0,0,0,0,1,0,1,0
100200101,1002,1002001,0,0,0,100211,0,0,0,0,0,0,0,0,0,1,0,1,0
100200801,1002,1002008,0,1,-920,0,0,0,0,0,0,0,0,0,0,1,0,0,0
100201101,1002,1002011,0,1,-920,0,0,0,0,0,0,0,0,0,0,1,0,0,0
100201102,1002,1002011,0,0,0,100231,0,0,0,0,0,0,0,0,0,1,0,1,0
100300301,1003,1003003,0,0,0,100311,0,0,0,0,0,0,0,0,0,1,0,1,0
100300801,1003,1003008,0,1,-820,0,0,0,0,0,0,0,0,0,0,1,0,0,0
100301101,1003,1003011,1003011,0,0,100332,0,0,0,0,0,0,0,0,0,1,0,1,0
100301102,1003,1003011,1003011,0,0,100332,0,0,0,0,0,0,0,0,0,1,0,1,0
100400701,1004,1004007,0,0,0,100411,0,0,0,0,0,0,0,0,0,1,0,1,0
100400801,1004,1004008,0,1,-900,0,0,0,0,0,0,0,0,0,0,1,0,0,1
100401101,1004,1004011,0,0,0,100431,0,0,0,0,0,0,0,0,0,1,0,1,0
100500601,1005,1005006,1005006,0,0,100511,0,0,0,0,0,0,0,0,0,1,0,1,0
100500602,1005,1005006,1005006,0,0,100511,0,0,0,0,0,0,0,0,0,1,0,1,0
100500603,1005,1005006,1005006,0,0,100511,0,0,0,0,0,0,0,0,0,1,0,1,0
100500801,1005,1005008,0,1,-840,0,0,0,0,0,0,0,0,0,0,1,0,0,1
100600301,1006,1006003,0,0,0,100611,0,0,0,0,0,0,0,0,0,1,0,1,0
100600801,1006,1006008,0,1,-840,0,0,0,0,0,0,0,0,0,0,1,0,0,1
100601101,1006,1006011,0,0,0,100631,0,0,0,0,0,0,0,0,0,1,0,1,0
100700101,1007,1007001,0,0,0,100711,0,0,0,0,0,0,0,0,0,1,0,1,0
100700801,1007,1007008,0,1,-800,0,0,0,0,0,0,0,0,0,0,1,0,0,1
100800101,1008,1008001,1008001,0,0,100811,0,0,0,0,0,0,0,0,0,1,0,1,0
100800102,1008,1008001,1008001,0,0,100811,0,0,0,0,0,0,0,0,0,1,0,1,0
100800401,1008,1008004,0,1,0,0,0,0,0,0,0,0,0,0,0,1,0,0,1
100900101,1009,1009001,0,0,0,100911,0,0,0,0,0,0,0,0,0,1,0,1,0
100900801,1009,1009008,0,1,-960,0,0,0,0,0,0,0,0,0,0,1,0,0,1
101000601,1010,1010006,0,0,0,101011,0,0,0,0,0,0,0,0,0,1,0,1,0
101000801,1010,1010008,0,1,-890,0,0,0,0,0,0,0,0,0,0,1,0,0,1
101001101,1010,1010011,1010011,0,0,101032,0,0,0,0,0,0,0,0,0,1,0,1,0
101001102,1010,1010011,1010011,0,0,101032,0,0,0,0,0,0,0,0,0,1,0,1,0
101100501,1011,1011005,0,0,0,101111,0,0,0,0,0,0,0,0,0,1,0,1,0
101100801,1011,1011008,0,1,-960,0,0,0,0,0,0,0,0,0,0,1,0,0,0
101101101,1011,1011011,0,0,0,101131,0,0,0,0,0,0,0,0,0,1,0,1,0
101200301,1012,1012003,0,0,0,101211,103811,0,0,0,0,0,0,0,0,1,0,1,0
101200801,1012,1012008,0,1,-960,0,0,0,0,0,0,0,0,0,0,1,0,0,1
101201101,1012,1012011,1012011,0,0,101231,0,0,0,0,0,0,0,0,0,1,0,1,0
101201102,1012,1012011,1012011,0,0,101231,0,0,0,0,0,0,0,0,0,1,0,1,0
101300201,1013,1013002,1013002,0,0,101311,0,0,0,0,0,0,0,0,0,1,0,1,0
101300202,1013,1013002,1013002,0,0,811,101311,0,0,0,0,0,0,0,0,1,0,1,0
101300801,1013,1013008,0,1,-960,0,0,0,0,0,0,0,0,0,0,1,0,0,0
101400401,1014,1014004,1014004,0,0,101411,0,0,0,0,0,0,0,0,0,1,0,1,0
101400402,1014,1014004,1014004,0,0,0,0,0,0,0,0,0,0,0,0,1,0,1,0
101400403,1014,1014004,1014004,0,0,101411,0,0,0,0,0,0,0,0,0,1,0,1,0
101400801,1014,1014008,1014008,0,0,101431,0,0,0,0,0,0,0,0,0,1,0,1,0
101400802,1014,1014008,1014008,0,0,101431,0,0,0,0,0,0,0,0,0,1,0,1,0
101500201,1015,1015002,0,0,0,101511,0,0,0,0,0,0,0,0,0,1,0,1,0
101500801,1015,1015008,0,1,-960,0,0,0,0,0,0,0,0,0,0,1,0,0,0
101600101,1016,1016001,0,0,0,101611,0,0,0,0,0,0,0,0,0,1,0,1,0
101600501,1016,1016005,0,1,-830,0,0,0,0,0,0,0,0,0,0,1,0,1,1
101600801,1016,1016008,0,1,-910,0,0,0,0,0,0,0,0,0,0,1,0,0,0
101601101,1016,1016011,1016011,0,0,101631,0,0,0,0,0,0,0,0,0,1,0,1,0
101601102,1016,1016011,1016011,0,0,101631,0,0,0,0,0,0,0,0,0,1,0,1,0
101700201,1017,1017002,0,0,0,101711,0,0,0,0,0,0,0,0,0,1,0,1,0
101700801,1017,1017008,0,1,-900,0,0,0,0,0,0,0,0,0,0,1,0,0,0
101800101,1018,1018001,0,1,-850,0,0,0,0,0,0,0,0,0,0,1,0,1,1
101800201,1018,1018002,0,0,0,101811,0,0,0,0,0,0,0,0,0,1,0,1,0
101800401,1018,1018004,0,1,-800,0,0,0,0,0,0,0,0,0,0,1,0,0,0
101800801,1018,1018008,0,1,-800,0,0,0,0,0,0,0,0,0,0,1,0,0,0
101801101,1018,1018011,0,0,0,101831,0,0,0,0,0,0,0,0,0,1,0,1,0
102000301,1020,1020003,0,0,0,102011,0,0,0,0,0,0,0,0,0,1,0,1,0
102001101,1020,1020011,0,0,0,102031,0,0,0,0,0,0,0,0,0,1,0,1,0
102100101,1021,1021001,0,0,0,102111,0,0,0,0,0,0,0,0,0,1,0,1,0
102100801,1021,1021008,0,1,-800,0,0,0,0,0,0,0,0,0,0,1,0,0,0
102200301,1022,1022003,0,0,0,102211,0,0,0,0,0,0,0,0,0,1,0,1,0
102200801,1022,1022008,0,1,-840,0,0,0,0,0,0,0,0,0,0,1,0,0,0
102201101,1022,1022011,0,0,0,102232,0,0,0,0,0,0,0,0,0,1,0,1,0
102300301,1023,1023003,0,0,0,102311,0,0,0,0,0,0,0,0,0,1,0,1,0
102300801,1023,1023008,0,1,-880,0,0,0,0,0,0,0,0,0,0,1,0,0,0
102301101,1023,1023011,1023011,0,0,102332,0,0,0,0,0,0,0,0,0,1,0,1,0
102301102,1023,1023011,1023011,0,0,102332,0,0,0,0,0,0,0,0,0,1,0,1,0
102500301,1025,1025003,0,0,0,102511,0,0,0,0,0,0,0,0,0,1,0,1,0
102500801,1025,1025008,0,1,-870,0,0,0,0,0,0,0,0,0,0,1,0,0,0
102500901,1025,1025009,1025009,0,0,0,0,0,0,0,0,0,0,0,0,1,1,0,0
102500902,1025,1025009,1025009,0,0,0,0,0,0,0,0,0,0,0,0,1,1,0,0
102501101,1025,1025011,0,0,0,102531,0,0,0,0,0,0,0,0,0,1,0,1,0
102600401,1026,1026004,0,1,-870,0,0,0,0,0,0,0,0,0,0,1,0,0,0
102600701,1026,1026007,1026007,0,0,102611,0,0,0,0,0,0,0,0,0,1,0,1,0
102600702,1026,1026007,1026007,0,0,102611,0,0,0,0,0,0,0,0,0,1,0,1,0
102600801,1026,1026008,0,1,-870,0,0,0,0,0,0,0,0,0,0,1,0,0,0
102700101,1027,1027001,0,0,0,102711,0,0,0,0,0,0,0,0,0,1,0,1,0
102700401,1027,1027004,0,1,-870,0,0,0,0,0,0,0,0,0,0,1,0,0,0
102700801,1027,1027008,0,1,-910,0,0,0,0,0,0,0,0,0,0,1,0,0,0
102800601,1028,1028006,0,0,0,0,0,0,0,0,0,0,0,0,0,1,0,1,0
102800801,1028,1028008,0,1,-950,0,0,0,0,0,0,0,0,0,0,1,0,0,0
102801101,1028,1028011,1028011,0,0,102832,0,0,0,0,0,0,0,0,0,1,0,1,0
102801102,1028,1028011,1028011,0,0,102832,0,0,0,0,0,0,0,0,0,1,0,1,0
102900601,1029,1029006,0,0,0,102912,0,0,0,0,0,0,0,0,0,1,0,1,0
102900801,1029,1029008,0,1,-870,0,0,0,0,0,0,0,0,0,0,1,0,0,0
102901101,1029,1029011,0,0,0,102931,0,0,0,0,0,0,0,0,0,1,0,1,0
103000201,1030,1030002,0,0,0,103011,0,0,0,0,0,0,0,0,0,1,0,1,0
103000801,1030,1030008,0,1,-810,0,0,0,0,0,0,0,0,0,0,1,0,0,0
103001101,1030,1030011,1030011,0,0,103031,0,0,0,0,0,0,0,0,0,1,0,1,0
103001102,1030,1030011,1030011,0,0,103031,0,0,0,0,0,0,0,0,0,1,0,1,0
103100201,1031,1031002,0,0,0,103111,0,0,0,0,0,0,0,0,0,1,0,1,0
103100801,1031,1031008,0,1,-850,0,0,0,0,0,0,0,0,0,0,1,0,0,0
103200601,1032,1032006,1032006,0,0,103211,0,0,0,0,0,0,0,0,0,1,0,1,0
103200602,1032,1032006,1032006,0,0,0,0,0,0,0,0,0,0,0,0,1,0,1,0
103200801,1032,1032008,0,1,-840,0,0,0,0,0,0,0,0,0,0,1,0,0,0
103201101,1032,1032011,1032011,0,0,103231,0,0,0,0,0,0,0,0,0,1,0,1,0
103201102,1032,1032011,1032011,0,0,103231,0,0,0,0,0,0,0,0,0,1,0,1,0
103300101,1033,1033001,0,0,0,103311,0,0,0,0,0,0,0,0,0,1,0,1,0
103300801,1033,1033008,0,1,-850,0,0,0,0,0,0,0,0,0,0,1,0,0,0
103301101,1033,1033011,0,0,0,103332,0,0,0,0,0,0,0,0,0,1,0,1,0
103400201,1034,1034002,0,0,0,103411,0,0,0,0,0,0,0,0,0,1,0,1,0
103400801,1034,1034008,0,1,-910,0,0,0,0,0,0,0,0,0,0,1,0,0,0
103401101,1034,1034011,1034011,0,0,100011,103431,0,0,0,0,0,0,0,0,1,0,1,0
103401102,1034,1034011,1034011,0,0,100011,103431,0,0,0,0,0,0,0,0,1,0,1,0
103600701,1036,1036007,1036007,0,0,311,0,0,0,0,0,0,0,0,0,1,0,1,0
103600702,1036,1036007,1036007,0,0,311,0,0,0,0,0,0,0,0,0,1,0,1,0
103600801,1036,1036008,0,1,-870,0,0,0,0,0,0,0,0,0,0,1,0,0,0
103601101,1036,1036011,1036011,0,0,1131,103631,0,0,0,0,0,0,0,0,1,0,1,0
103601102,1036,1036011,1036011,0,0,1131,103631,0,0,0,0,0,0,0,0,1,0,1,0
103601103,1036,1036011,1036011,0,0,1131,103631,0,0,0,0,0,0,0,0,1,0,1,0
103700401,1037,1037004,0,0,0,0,0,0,0,0,0,0,0,0,0,1,0,1,0
103700801,1037,1037008,0,1,-870,0,0,0,0,0,0,0,0,0,0,1,0,0,0
103800601,1038,1038006,0,0,0,103811,0,0,0,0,0,0,0,0,0,1,0,1,0
103800801,1038,1038008,0,1,-700,0,0,0,0,0,0,0,0,0,0,1,0,0,0
104000701,1040,1040007,1040007,0,0,104011,0,0,0,0,0,0,0,0,0,1,0,1,0
104000702,1040,1040007,1040007,0,0,104011,0,0,0,0,0,0,0,0,0,1,0,1,0
104000703,1040,1040007,1040007,0,0,104011,0,0,0,0,0,0,0,0,0,1,0,1,0
104000801,1040,1040008,0,1,-830,0,0,0,0,0,0,0,0,0,0,1,0,0,0
104200101,1042,1042001,0,0,0,104211,0,0,0,0,0,0,0,0,0,1,0,1,0
104200801,1042,1042008,0,1,-860,0,0,0,0,0,0,0,0,0,0,1,0,0,0
104300301,1043,1043003,0,0,0,104311,0,0,0,0,0,0,0,0,0,1,0,1,0
104300801,1043,1043008,0,1,-910,0,0,0,0,0,0,0,0,0,0,1,0,0,0
104400101,1044,1044001,0,0,0,104412,0,0,0,0,0,0,0,0,0,1,0,1,0
104400801,1044,1044008,0,1,-900,0,0,0,0,0,0,0,0,0,0,1,0,0,0
104500101,1045,1045001,0,0,0,104511,0,0,0,0,0,0,0,0,0,1,0,1,0
104500801,1045,1045008,0,1,-860,0,0,0,0,0,0,0,0,0,0,1,0,0,0
104600101,1046,1046001,0,0,0,104611,0,0,0,0,0,0,0,0,0,1,0,1,0
104600801,1046,1046008,0,1,-840,0,0,0,0,0,0,0,0,0,0,1,0,0,0
104601101,1046,1046011,1046011,0,0,104631,0,0,0,0,0,0,0,0,0,1,0,1,0
104601102,1046,1046011,1046011,0,0,104631,0,0,0,0,0,0,0,0,0,1,0,1,0
104700601,1047,1047006,0,0,0,104713,0,0,0,0,0,0,0,0,0,0,0,1,0
104700801,1047,1047008,0,1,-870,0,0,0,0,0,0,0,0,0,0,0,0,0,0
104800201,1048,1048002,0,0,0,104811,0,0,0,0,0,0,0,0,0,1,0,1,0
104800801,1048,1048008,0,1,-870,0,0,0,0,0,0,0,0,0,0,1,0,0,0
104801101,1048,1048011,0,0,0,104831,0,0,0,0,0,0,0,0,0,1,0,1,0
104900301,1049,1049003,0,0,0,104911,0,0,0,0,0,0,0,0,0,1,0,1,0
104900801,1049,1049008,0,1,-800,0,0,0,0,0,0,0,0,0,0,1,0,0,0
104901101,1049,1049011,1049011,0,0,104932,0,0,0,0,0,0,0,0,0,1,0,1,0
104901102,1049,1049011,1049011,0,0,104932,0,0,0,0,0,0,0,0,0,1,0,1,0
105000401,1050,1050004,0,1,-790,0,0,0,0,0,0,0,0,0,0,1,0,0,0
105000601,1050,1050006,0,0,0,105011,0,0,0,0,0,0,0,0,0,1,0,1,0
105000801,1050,1050008,0,1,-890,0,0,0,0,0,0,0,0,0,0,1,0,0,0
105100201,1051,1051002,1051002,0,0,105111,0,0,0,0,0,0,0,0,0,1,0,1,0
105100202,1051,1051002,1051002,0,0,105111,0,0,0,0,0,0,0,0,0,1,0,1,0
105100203,1051,1051002,1051002,0,0,105111,0,0,0,0,0,0,0,0,0,1,0,1,0
105100401,1051,1051004,0,1,-910,0,0,0,0,0,0,0,0,0,0,1,0,0,0
105100801,1051,1051008,0,1,-860,0,0,0,0,0,0,0,0,0,0,1,0,0,0
105200601,1052,1052006,0,0,0,105212,0,0,0,0,0,0,0,0,0,1,0,1,0
105200801,1052,1052008,0,1,-880,0,0,0,0,0,0,0,0,0,0,1,0,0,0
105201101,1052,1052011,0,0,0,105231,0,0,0,0,0,0,0,0,0,1,0,1,0
105300201,1053,1053002,0,0,0,105311,0,0,0,0,0,0,0,0,0,1,0,1,0
105300801,1053,1053008,0,1,-840,0,0,0,0,0,0,0,0,0,0,1,0,0,0
105400301,1054,1054003,0,0,0,105411,0,0,0,0,0,0,0,0,0,1,0,1,0
105400701,1054,1054007,0,0,0,105412,0,0,0,0,0,0,0,0,0,1,0,1,0
105400801,1054,1054008,0,1,-840,0,0,0,0,0,0,0,0,0,0,1,0,0,0
105500301,1055,1055003,0,0,0,105511,0,0,0,0,0,0,0,0,0,1,0,1,0
105500801,1055,1055008,0,0,0,105531,0,0,0,0,0,0,0,0,0,1,0,1,0
105600101,1056,1056001,0,0,0,105611,0,0,0,0,0,0,0,0,0,1,0,1,0
105600801,1056,1056008,0,1,-840,0,0,0,0,0,0,0,0,0,0,1,0,0,0
105700201,1057,1057002,0,0,0,105711,0,0,0,0,0,0,0,0,0,1,0,1,0
105700701,1057,1057007,0,0,0,0,0,0,0,0,0,0,0,0,0,1,0,1,0
105700801,1057,1057008,0,1,-880,0,0,0,0,0,0,0,0,0,0,1,0,0,0
105800301,1058,1058003,0,0,0,105812,0,0,0,0,0,0,0,0,0,1,0,1,0
105800801,1058,1058008,0,0,0,105831,0,0,0,0,0,0,0,0,0,1,0,1,0
105801101,1058,1058011,1058011,0,0,105831,0,0,0,0,0,0,0,0,0,1,0,1,0
105801102,1058,1058011,1058011,0,0,105831,0,0,0,0,0,0,0,0,0,1,0,1,0
105900201,1059,1059002,0,0,0,105913,0,0,0,0,0,0,0,0,0,1,0,1,0
105900801,1059,1059008,0,0,0,105931,0,0,0,0,0,0,0,0,0,1,0,1,0
105901101,1059,1059011,0,0,0,0,0,0,0,0,0,0,0,0,0,1,0,1,0
106000701,1060,1060007,0,0,0,106012,0,0,0,0,0,0,0,0,0,1,0,1,0
106000801,1060,1060008,0,0,0,106031,0,0,0,0,0,0,0,0,0,1,0,1,0
106001101,1060,1060011,1060011,0,0,106031,0,0,0,0,0,0,0,0,0,1,0,1,0
106001102,1060,1060011,1060011,0,0,106031,0,0,0,0,0,0,0,0,0,1,0,1,0
106100201,1061,1061002,0,0,0,100011,106112,0,0,0,0,0,0,0,0,1,0,1,0
106100401,1061,1061004,0,0,0,106114,106211,0,0,0,0,0,0,0,0,1,0,1,0
106300401,1063,1063004,0,0,0,106331,0,0,0,0,0,0,0,0,0,1,0,1,0
106300801,1063,1063008,0,0,0,106331,0,0,0,0,0,0,0,0,0,1,0,1,0
106400401,1064,1064004,0,0,0,106431,0,0,0,0,0,0,0,0,0,1,0,1,0
106400601,1064,1064006,0,0,0,106414,0,0,0,0,0,0,0,0,0,1,0,1,0
106500201,1065,1065002,1065002,0,0,106511,0,0,0,0,0,0,0,0,0,1,0,1,0
106500202,1065,1065002,1065002,0,0,106511,0,0,0,0,0,0,0,0,0,1,0,1,0
106500203,1065,1065002,1065002,0,0,106511,0,0,0,0,0,0,0,0,0,1,0,1,0
106500801,1065,1065008,1065008,0,0,106531,0,0,0,0,0,0,0,0,0,1,0,1,0
106500802,1065,1065008,1065008,0,0,106531,0,0,0,0,0,0,0,0,0,1,0,1,0
106500803,1065,1065008,1065008,0,0,106531,0,0,0,0,0,0,0,0,0,1,0,1,0
106600201,1066,1066002,1066002,0,0,106611,0,0,0,0,0,0,0,0,0,1,0,1,0
106600202,1066,1066002,1066002,0,0,106611,0,0,0,0,0,0,0,0,0,1,0,1,0
106600801,1066,1066008,0,0,0,106631,0,0,0,0,0,0,0,0,0,1,0,1,0
106800201,1068,1068002,1068002,0,0,106812,0,0,0,0,0,0,0,0,0,1,0,1,0
106800202,1068,1068002,1068002,0,0,106812,0,0,0,0,0,0,0,0,0,1,0,1,0
106800401,1068,1068004,0,0,0,106834,0,0,0,0,0,0,0,0,0,1,0,1,0
107000101,1070,1070001,1070001,0,0,3611,107011,0,0,0,0,0,0,0,0,1,0,1,0
107000102,1070,1070001,1070001,0,0,3611,107011,0,0,0,0,0,0,0,0,1,0,1,0
107000401,1070,1070004,1070004,0,0,0,0,0,0,0,0,0,0,0,0,1,0,0,0
107000402,1070,1070004,1070004,0,0,107031,0,0,0,0,0,0,0,0,0,1,0,1,0
107100201,1071,1071002,1071002,0,0,107111,0,0,0,0,0,0,0,0,0,1,0,1,0
107100202,1071,1071002,1071002,0,0,107111,0,0,0,0,0,0,0,0,0,1,0,1,0
107100401,1071,1071004,0,0,0,107131,0,0,0,0,0,0,0,0,0,1,0,1,0
107500301,1075,1075003,1075003,0,0,107511,0,0,0,0,0,0,0,0,0,1,0,1,0
107500302,1075,1075003,1075003,0,0,107511,0,0,0,0,0,0,0,0,0,1,0,1,0
107500401,1075,1075004,1075004,0,0,105831,0,0,0,0,0,0,0,0,0,1,0,1,0
107500402,1075,1075004,1075004,0,0,105831,0,0,0,0,0,0,0,0,0,1,0,1,0
107500403,1075,1075004,1075004,0,0,105831,0,0,0,0,0,0,0,0,0,1,0,1,0
107500404,1075,1075004,1075004,0,0,105831,0,0,0,0,0,0,0,0,0,1,0,1,0
107600301,1076,1076003,0,0,0,107611,0,0,0,0,0,0,0,0,0,1,0,1,0
107600401,1076,1076004,0,0,0,107631,0,0,0,0,0,0,0,0,0,1,0,1,0
107700301,1077,1077003,1077003,0,0,107711,0,0,0,0,0,0,0,0,0,1,0,1,0
107700302,1077,1077003,1077003,0,0,107711,0,0,0,0,0,0,0,0,0,1,0,1,0
107700401,1077,1077004,1077004,0,0,102531,0,0,0,0,0,0,0,0,0,1,0,1,0
107700402,1077,1077004,1077004,0,0,102531,0,0,0,0,0,0,0,0,0,1,0,1,0
107700403,1077,1077004,1077004,0,0,0,0,0,0,0,0,0,0,0,0,1,0,1,0
107800301,1078,1078003,1078003,0,0,107811,0,0,0,0,0,0,0,0,0,1,0,1,0
107800302,1078,1078003,1078003,0,0,107811,0,0,0,0,0,0,0,0,0,1,0,1,0
107800401,1078,1078004,1078004,0,0,106031,0,0,0,0,0,0,0,0,0,1,0,1,0
107800402,1078,1078004,1078004,0,0,106031,0,0,0,0,0,0,0,0,0,1,0,1,0
107800403,1078,1078004,1078004,0,0,106031,0,0,0,0,0,0,0,0,0,1,0,1,0
107900301,1079,1079003,1079003,0,0,107911,100011,0,0,0,0,0,0,0,0,1,0,1,0
107900302,1079,1079003,1079003,0,0,107911,0,0,0,0,0,0,0,0,0,1,0,1,0
107900303,1079,1079003,1079003,0,0,107911,0,0,0,0,0,0,0,0,0,1,0,1,0
107900401,1079,1079004,0,1,-880,0,0,0,0,0,0,0,0,0,0,1,0,0,0
108000301,1080,1080003,1080003,0,0,108011,0,0,0,0,0,0,0,0,0,1,0,1,0
108000302,1080,1080003,1080003,0,0,108011,0,0,0,0,0,0,0,0,0,1,0,1,0
108000401,1080,1080004,1080004,0,0,108031,0,0,0,0,0,0,0,0,0,1,0,1,0
108000402,1080,1080004,1080004,0,0,108031,0,0,0,0,0,0,0,0,0,1,0,1,0
108100201,1081,1081002,0,0,0,108111,0,0,0,0,0,0,0,0,0,1,0,1,0
108100401,1081,1081004,0,1,-880,0,0,0,0,0,0,0,0,0,0,1,0,0,0
108200401,1082,1082004,0,0,0,100731,0,0,0,0,0,0,0,0,0,1,0,1,0
108300401,1083,1083004,0,0,0,105031,0,0,0,0,0,0,0,0,0,1,0,1,0
108400201,1084,1084002,0,0,0,108411,0,0,0,0,0,0,0,0,0,1,0,1,0
108400401,1084,1084004,0,0,0,104232,0,0,0,0,0,0,0,0,0,1,0,1,0
108500201,1085,1085002,0,0,0,102111,0,0,0,0,0,0,0,0,0,1,0,1,0
108500401,1085,1085004,0,0,0,0,0,0,0,0,0,0,0,0,0,1,0,1,0
108600201,1086,1086002,0,0,0,108611,0,0,0,0,0,0,0,0,0,1,0,1,0
108600401,1086,1086004,0,1,-880,0,0,0,0,0,0,0,0,0,0,1,0,0,0
108700201,1087,1087002,1087002,0,0,108711,0,0,0,0,0,0,0,0,0,1,0,1,0
108700202,1087,1087002,1087002,0,0,108711,0,0,0,0,0,0,0,0,0,1,0,1,0
108700401,1087,1087004,1087004,0,0,100132,0,0,0,0,0,0,0,0,0,1,0,1,0
108700402,1087,1087004,1087004,0,0,100132,0,0,0,0,0,0,0,0,0,1,0,1,0
108700403,1087,1087004,1087004,0,0,100132,0,0,0,0,0,0,0,0,0,1,0,1,0
108700404,1087,1087004,1087004,0,0,100132,0,0,0,0,0,0,0,0,0,1,0,1,0
108700405,1087,1087004,1087004,0,0,100132,0,0,0,0,0,0,0,0,0,1,0,1,0
108700406,1087,1087004,1087004,0,0,100132,0,0,0,0,0,0,0,0,0,1,0,1,0
108800201,1088,1088002,1088002,0,0,108811,0,0,0,0,0,0,0,0,0,1,0,1,0
108800202,1088,1088002,1088002,0,0,108811,0,0,0,0,0,0,0,0,0,1,0,1,0
108800203,1088,1088002,1088002,0,0,108811,0,0,0,0,0,0,0,0,0,1,0,1,1
108800401,1088,1088004,1088004,1,-880,100232,0,0,0,0,0,0,0,0,0,1,0,1,1
108800402,1088,1088004,1088004,1,-880,100232,0,0,0,0,0,0,0,0,0,1,0,1,1
108800403,1088,1088004,1088004,1,-880,100232,0,0,0,0,0,0,0,0,0,1,0,1,1
108900301,1089,1089003,0,0,0,108911,100011,1111,1211,0,0,0,0,0,0,1,0,1,0
108900401,1089,1089004,1089004,0,0,100332,0,0,0,0,0,0,0,0,0,1,0,1,0
108900402,1089,1089004,1089004,0,0,100332,0,0,0,0,0,0,0,0,0,1,0,1,0
108900403,1089,1089004,1089004,0,0,100332,0,0,0,0,0,0,0,0,0,1,0,1,0
108900404,1089,1089004,1089004,0,0,100332,0,0,0,0,0,0,0,0,0,1,0,1,0
109000201,1090,1090002,1090002,0,0,109011,0,0,0,0,0,0,0,0,0,1,0,1,0
109000202,1090,1090002,1090002,0,0,109011,0,0,0,0,0,0,0,0,0,1,0,1,0
109000401,1090,1090004,0,0,0,102731,0,0,0,0,0,0,0,0,0,1,0,1,0
109100101,1091,1091001,1091001,0,0,100011,104911,0,0,0,0,0,0,0,0,1,0,1,0
109100102,1091,1091001,1091001,0,0,100011,104911,0,0,0,0,0,0,0,0,1,0,1,0
109100401,1091,1091004,0,0,0,104931,0,0,0,0,0,0,0,0,0,1,0,1,0
109200201,1092,1092002,0,0,0,109211,0,0,0,0,0,0,0,0,0,1,0,1,0
109200401,1092,1092004,0,0,0,109211,109311,109411,0,0,0,0,0,0,0,1,0,1,0
109300201,1093,1093002,0,0,0,109311,0,0,0,0,0,0,0,0,0,1,0,1,0
109300401,1093,1093004,0,0,0,109211,109311,109411,0,0,0,0,0,0,0,1,0,1,0
109400301,1094,1094003,0,0,0,109411,0,0,0,0,0,0,0,0,0,1,0,1,0
109400401,1094,1094004,0,0,0,109211,109311,109411,0,0,0,0,0,0,0,1,0,1,0
109500101,1095,1095001,1095001,0,0,109511,0,0,0,0,0,0,0,0,0,1,0,1,0
109500102,1095,1095001,1095001,0,0,109511,0,0,0,0,0,0,0,0,0,1,0,1,0
109500301,1095,1095003,0,0,0,109511,0,0,0,0,0,0,0,0,0,1,0,1,0
109500401,1095,1095004,1095004,0,0,104532,0,0,0,0,0,0,0,0,0,1,0,1,0
109500402,1095,1095004,1095004,0,0,104532,0,0,0,0,0,0,0,0,0,1,0,1,0
109600201,1096,1096002,0,0,0,109611,0,0,0,0,0,0,0,0,0,1,0,1,0
109600401,1096,1096004,0,1,-880,0,0,0,0,0,0,0,0,0,0,1,0,0,0
109700101,1097,1097001,1097001,0,0,105913,109711,0,0,0,0,0,0,0,0,1,0,1,0
109700102,1097,1097001,1097001,0,0,105913,109711,0,0,0,0,0,0,0,0,1,0,1,0
109700401,1097,1097004,0,0,0,105811,109711,0,0,0,0,0,0,0,0,1,0,1,0
109800201,1098,1098002,0,0,0,211,415,109811,0,0,0,0,0,0,0,1,0,1,0
109800401,1098,1098004,0,0,0,105812,105913,106012,109711,109811,109911,0,0,0,0,1,0,1,0
109900301,1099,1099003,0,0,0,105912,109911,0,0,0,0,0,0,0,0,1,0,1,0
109900401,1099,1099004,0,0,0,102111,102311,102511,102811,105812,105913,106012,109911,2611,0,1,0,1,0
110000301,1100,1100003,0,0,0,110011,0,0,0,0,0,0,0,0,0,1,0,1,0
110000401,1100,1100004,1100004,0,0,110031,0,0,0,0,0,0,0,0,0,1,0,1,0
110000402,1100,1100004,1100004,0,0,110031,0,0,0,0,0,0,0,0,0,1,0,1,0
110100101,1101,1101001,0,0,0,110111,0,0,0,0,0,0,0,0,0,1,0,1,0
110100401,1101,1101004,0,1,-880,0,0,0,0,0,0,0,0,0,0,1,0,0,0
110300201,1103,1103002,1103002,0,0,110311,0,0,0,0,0,0,0,0,0,1,0,1,0
110300202,1103,1103002,1103002,0,0,110311,0,0,0,0,0,0,0,0,0,1,0,1,0
110300401,1103,1103004,0,0,0,110331,0,0,0,0,0,0,0,0,0,1,0,1,0
110400301,1104,1104003,0,0,0,110411,0,0,0,0,0,0,0,0,0,1,0,1,0
110400401,1104,1104004,1103004,0,0,104331,0,0,0,0,0,0,0,0,0,1,0,1,0
110400402,1104,1104004,1103004,0,0,104331,0,0,0,0,0,0,0,0,0,1,0,1,0
110500301,1105,1105003,1105003,0,0,110511,0,0,0,0,0,0,0,0,0,1,0,1,0
110500302,1105,1105003,1105003,0,0,110511,0,0,0,0,0,0,0,0,0,1,0,1,0
110500401,1105,1105004,1105004,0,0,101732,0,0,0,0,0,0,0,0,0,1,0,1,0
110500402,1105,1105004,1105004,0,0,101732,0,0,0,0,0,0,0,0,0,1,0,1,0
110600301,1106,1106003,0,0,0,110611,0,0,0,0,0,0,0,0,0,1,0,1,0
110600401,1106,1106004,1106004,0,0,101031,0,0,0,0,0,0,0,0,0,1,0,1,0
110600402,1106,1106004,1106004,0,0,101031,0,0,0,0,0,0,0,0,0,1,0,1,0
110700201,1107,1107002,0,0,0,110711,0,0,0,0,0,0,0,0,0,0,0,1,0
110700401,1107,1107004,1107004,0,0,104031,0,0,0,0,0,0,0,0,0,0,0,1,0
110700402,1107,1107004,1107004,0,0,104031,0,0,0,0,0,0,0,0,0,0,0,1,0
110800301,1108,1108003,0,0,0,110811,0,0,0,0,0,0,0,0,0,0,0,1,0
110800801,1108,1108008,0,0,0,3731,110832,0,0,0,0,0,0,0,0,0,0,1,0
110900501,1109,1109005,1109005,0,0,110911,0,0,0,0,0,0,0,0,0,0,0,1,0
110900502,1109,1109005,1109005,0,0,110911,0,0,0,0,0,0,0,0,0,0,0,1,0
110900801,1109,1109008,1109008,0,0,110932,0,0,0,0,0,0,0,0,0,0,0,1,0
110900802,1109,1109008,1109008,0,0,110932,0,0,0,0,0,0,0,0,0,0,0,1,0
111000101,1110,1110001,1110001,0,0,111011,0,0,0,0,0,0,0,0,0,0,0,1,0
111000102,1110,1110001,1110001,0,0,111011,0,0,0,0,0,0,0,0,0,0,0,1,0
111000401,1110,1110004,1110004,0,0,111031,0,0,0,0,0,0,0,0,0,0,0,1,0
111000402,1110,1110004,1110004,0,0,111031,0,0,0,0,0,0,0,0,0,0,0,1,0
111000501,1110,1110005,0,0,0,0,0,0,0,0,0,0,0,0,0,0,0,1,0
111100301,1111,1111003,0,0,0,111111,0,0,0,0,0,0,0,0,0,0,0,1,0
111100401,1111,1111004,1111004,0,0,111131,0,0,0,0,0,0,0,0,0,0,0,1,0
111100402,1111,1111004,1111004,0,0,111131,0,0,0,0,0,0,0,0,0,0,0,1,0
111200101,1112,1112001,0,0,0,111211,1811,0,0,0,0,0,0,0,0,0,0,1,0
111200401,1112,1112004,0,0,0,100431,0,0,0,0,0,0,0,0,0,0,0,1,0
111300201,1113,1113002,0,0,0,111311,0,0,0,0,0,0,0,0,0,0,0,1,0
111300401,1113,1113004,0,0,0,102031,0,0,0,0,0,0,0,0,0,0,0,1,0
111400201,1114,1114002,1114002,0,0,111411,0,0,0,0,0,0,0,0,0,0,0,1,0
111400202,1114,1114002,1114002,0,0,111411,0,0,0,0,0,0,0,0,0,0,0,1,0
111400701,1114,1114007,0,0,0,111411,0,0,0,0,0,0,0,0,0,0,0,1,0
111500201,1115,1115002,0,0,0,111511,0,0,0,0,0,0,0,0,0,0,0,1,0
111500401,1115,1115004,1115004,0,0,107131,0,0,0,0,0,0,0,0,0,0,0,1,0
111500402,1115,1115004,1115004,0,0,107131,0,0,0,0,0,0,0,0,0,0,0,1,0
111600301,1116,1116003,0,0,0,111611,0,0,0,0,0,0,0,0,0,0,0,1,0
111600401,1116,1116004,0,1,-870,0,0,0,0,0,0,0,0,0,0,0,0,0,0
111700201,1117,1117002,1117002,0,0,111711,0,0,0,0,0,0,0,0,0,0,0,1,0
111700202,1117,1117002,1117002,0,0,111711,0,0,0,0,0,0,0,0,0,0,0,1,0
111700401,1117,1117004,1117004,0,0,104431,0,0,0,0,0,0,0,0,0,0,0,1,0
111700402,1117,1117004,1117004,0,0,104431,0,0,0,0,0,0,0,0,0,0,0,1,0
111800301,1118,1118003,0,0,0,111811,0,0,0,0,0,0,0,0,0,0,0,1,0
111800401,1118,1118004,0,0,0,111831,0,0,0,0,0,0,0,0,0,0,0,1,0
111900201,1119,1119002,1119002,0,0,111911,0,0,0,0,0,0,0,0,0,0,0,1,0
111900202,1119,1119002,1119002,0,0,111911,0,0,0,0,0,0,0,0,0,0,0,1,0
111900401,1119,1119004,1119004,0,0,105931,0,0,0,0,0,0,0,0,0,0,0,1,0
111900402,1119,1119004,1119004,0,0,105931,0,0,0,0,0,0,0,0,0,0,0,1,0
112000301,1120,1120003,1120003,0,0,112011,0,0,0,0,0,0,0,0,0,0,0,1,0
112000302,1120,1120003,1120003,0,0,112011,0,0,0,0,0,0,0,0,0,0,0,1,0
112000401,1120,1120004,1120004,0,0,106031,0,0,0,0,0,0,0,0,0,0,0,1,0
112000402,1120,1120004,1120004,0,0,106031,0,0,0,0,0,0,0,0,0,0,0,1,0
112000403,1120,1120004,1120004,0,0,106031,0,0,0,0,0,0,0,0,0,0,0,1,0
112100101,1121,1121001,1121001,0,0,112111,0,0,0,0,0,0,0,0,0,0,0,1,0
112100102,1121,1121001,1121001,0,0,112111,0,0,0,0,0,0,0,0,0,0,0,1,0
112100401,1121,1121004,1121004,0,0,102531,0,0,0,0,0,0,0,0,0,0,0,1,0
112100402,1121,1121004,1121004,0,0,102531,0,0,0,0,0,0,0,0,0,0,0,1,0
112200101,1122,1122001,0,0,0,112211,0,0,0,0,0,0,0,0,0,0,0,1,0
112200401,1122,1122004,1122004,0,0,101431,0,0,0,0,0,0,0,0,0,0,0,1,0
112200402,1122,1122004,1122004,0,0,101431,0,0,0,0,0,0,0,0,0,0,0,1,0
112200403,1122,1122004,1122004,0,0,101431,0,0,0,0,0,0,0,0,0,0,0,1,0
112300101,1123,1123001,1123001,0,0,112311,0,0,0,0,0,0,0,0,0,0,0,1,0
112300102,1123,1123001,1123001,0,0,112311,0,0,0,0,0,0,0,0,0,0,0,1,0
112300401,1123,1123004,0,0,0,103831,0,0,0,0,0,0,0,0,0,0,0,1,0
112400301,1124,1124003,1124003,0,0,112411,0,0,0,0,0,0,0,0,0,1,0,1,0
112400302,1124,1124003,1124003,0,0,112411,0,0,0,0,0,0,0,0,0,1,0,1,0
112400401,1124,1124004,1124004,0,0,112431,0,0,0,0,0,0,0,0,0,1,0,1,0
112400402,1124,1124004,1124004,0,0,112431,0,0,0,0,0,0,0,0,0,1,0,1,0
112500301,1125,1125003,1125003,0,0,112511,0,0,0,0,0,0,0,0,0,1,0,1,0
112500302,1125,1125003,1125003,0,0,112511,0,0,0,0,0,0,0,0,0,1,0,1,0
112500401,1125,1125004,1125004,0,0,112531,0,0,0,0,0,0,0,0,0,1,0,1,0
112500402,1125,1125004,1125004,0,0,112531,0,0,0,0,0,0,0,0,0,1,0,1,0
112600101,1126,1126001,1126001,0,0,112611,0,0,0,0,0,0,0,0,0,1,0,1,0
112600102,1126,1126001,1126001,0,0,112611,0,0,0,0,0,0,0,0,0,1,0,1,0
112600401,1126,1126004,1126004,0,0,3731,3831,3832,112631,0,0,0,0,0,0,1,0,1,0
112600402,1126,1126004,1126004,0,0,3731,3831,3832,112631,0,0,0,0,0,0,1,0,1,0
112700301,1127,1127003,0,0,0,112711,0,0,0,0,0,0,0,0,0,1,0,1,0
112700401,1127,1127004,0,0,0,102631,0,0,0,0,0,0,0,0,0,1,0,1,0
112800101,1128,1128001,0,0,0,112811,0,0,0,0,0,0,0,0,0,1,0,1,0
112800401,1128,1128004,0,0,0,103332,0,0,0,0,0,0,0,0,0,1,0,1,0
112900201,1129,1129002,0,0,0,105411,112912,0,0,0,0,0,0,0,0,1,0,1,0
112900401,1129,1129004,0,0,0,101131,0,0,0,0,0,0,0,0,0,1,0,1,0
113000301,1130,1130003,0,0,0,113011,0,0,0,0,0,0,0,0,0,1,0,1,0
113000401,1130,1130004,1130004,0,0,105531,0,0,0,0,0,0,0,0,0,1,0,1,0
113000402,1130,1130004,1130004,0,0,105531,0,0,0,0,0,0,0,0,0,1,0,1,0
113100101,1131,1131001,1131001,0,0,113111,0,0,0,0,0,0,0,0,0,1,0,1,0
113100102,1131,1131001,1131001,0,0,113111,0,0,0,0,0,0,0,0,0,1,0,1,0
113100401,1131,1131004,1131004,0,0,105632,0,0,0,0,0,0,0,0,0,1,0,1,0
113100402,1131,1131004,1131004,0,0,105632,0,0,0,0,0,0,0,0,0,1,0,1,0
113200301,1132,1132003,1132003,0,0,113211,0,0,0,0,0,0,0,0,0,1,0,1,0
113200302,1132,1132003,1132003,0,0,113211,0,0,0,0,0,0,0,0,0,1,0,1,0
113200401,1132,1132004,0,0,0,100931,0,0,0,0,0,0,0,0,0,1,0,1,0
113300301,1133,1133003,1133003,0,0,113311,0,0,0,0,0,0,0,0,0,1,0,1,0
113300302,1133,1133003,1133003,0,0,113311,0,0,0,0,0,0,0,0,0,1,0,1,0
113300401,1133,1133004,0,0,0,101332,0,0,0,0,0,0,0,0,0,1,0,1,0
113400101,1134,1134001,1134001,0,0,103811,113411,0,0,0,0,0,0,0,0,1,0,1,0
113400102,1134,1134001,1134001,0,0,103811,113411,0,0,0,0,0,0,0,0,1,0,1,0
113400401,1134,1134004,1134004,0,0,101231,0,0,0,0,0,0,0,0,0,1,0,1,0
113400402,1134,1134004,1134004,0,0,101231,0,0,0,0,0,0,0,0,0,1,0,1,0
113400403,1134,1134004,1134004,0,0,101231,0,0,0,0,0,0,0,0,0,1,0,1,0
113500201,1135,1135002,0,0,0,911,113511,0,0,0,0,0,0,0,0,1,0,1,0
113500401,1135,1135004,0,0,0,101532,0,0,0,0,0,0,0,0,0,1,0,1,0
113600301,1136,1136003,1136003,0,0,113611,0,0,0,0,0,0,0,0,0,1,0,1,0
113600302,1136,1136003,1136003,0,0,113611,0,0,0,0,0,0,0,0,0,1,0,1,0
113600401,1136,1136004,0,0,0,131,113631,0,0,0,0,0,0,0,0,1,0,1,0
113700301,1137,1137003,0,0,0,1411,113711,0,0,0,0,0,0,0,0,1,0,1,0
113700401,1137,1137004,0,0,0,100632,0,0,0,0,0,0,0,0,0,1,0,1,0
113800301,1138,1138003,0,0,0,416,113711,113811,0,0,0,0,0,0,0,1,0,1,0
113800401,1138,1138004,1138004,0,0,1031,102232,0,0,0,0,0,0,0,0,1,0,1,0
113800402,1138,1138004,1138004,0,0,1031,102232,0,0,0,0,0,0,0,0,1,0,1,0
113900301,1139,1139003,1139003,0,0,113911,0,0,0,0,0,0,0,0,0,1,0,1,0
113900302,1139,1139003,1139003,0,0,113911,0,0,0,0,0,0,0,0,0,1,0,1,0
113900401,1139,1139004,0,0,0,131,231,105431,0,0,0,0,0,0,0,1,0,1,0
114000201,1140,1140002,1140002,0,0,114011,0,0,0,0,0,0,0,0,0,1,0,1,0
114000202,1140,1140002,1140002,0,0,114011,0,0,0,0,0,0,0,0,0,1,0,1,0
114000401,1140,1140004,1140004,0,0,100331,0,0,0,0,0,0,0,0,0,1,0,1,0
114000402,1140,1140004,1140004,0,0,100331,0,0,0,0,0,0,0,0,0,1,0,1,0
114100201,1141,1141002,0,0,0,1511,114111,0,0,0,0,0,0,0,0,1,0,1,0
114100401,1141,1141004,1141004,0,0,100531,0,0,0,0,0,0,0,0,0,1,0,1,0
114100402,1141,1141004,1141004,0,0,100531,0,0,0,0,0,0,0,0,0,1,0,1,0
114200301,1142,1142003,0,0,0,4211,114211,0,0,0,0,0,0,0,0,1,0,1,0
114200401,1142,1142004,0,0,0,131,231,105331,0,0,0,0,0,0,0,1,0,1,0
114300301,1143,1143003,0,0,0,114311,0,0,0,0,0,0,0,0,0,1,0,1,0
114300401,1143,1143004,1143004,0,0,103731,0,0,0,0,0,0,0,0,0,1,0,1,0
114300402,1143,1143004,1143004,0,0,103731,0,0,0,0,0,0,0,0,0,1,0,1,0
114400301,1144,1144003,0,0,0,111,211,413,511,1411,2511,114411,0,0,0,1,0,1,0
114400401,1144,1144004,1144004,0,0,103231,0,0,0,0,0,0,0,0,0,1,0,1,0
114400402,1144,1144004,1144004,0,0,103231,0,0,0,0,0,0,0,0,0,1,0,1,0
114500201,1145,1145002,0,0,0,114511,0,0,0,0,0,0,0,0,0,1,0,1,0
114500401,1145,1145004,0,0,0,131,231,102832,0,0,0,0,0,0,0,1,0,1,0
114600301,1146,1146003,1146003,0,0,114612,0,0,0,0,0,0,0,0,0,1,0,1,0
114600302,1146,1146003,1146003,0,0,114612,0,0,0,0,0,0,0,0,0,1,0,1,0
114600401,1146,1146004,1146004,0,0,103433,0,0,0,0,0,0,0,0,0,1,0,1,0
114600402,1146,1146004,1146004,0,0,103433,0,0,0,0,0,0,0,0,0,1,0,1,0
114700301,1147,1147003,0,0,0,2511,114711,0,0,0,0,0,0,0,0,1,0,1,0
114700401,1147,1147004,0,0,0,106131,0,0,0,0,0,0,0,0,0,1,0,1,0
115000101,1150,1150001,0,0,0,3731,107011,0,0,0,0,0,0,0,0,1,0,1,0
115000401,1150,1150004,1150004,0,0,107031,0,0,0,0,0,0,0,0,0,1,0,1,0
115000402,1150,1150004,1150004,0,0,107031,0,0,0,0,0,0,0,0,0,1,0,1,0
115000403,1150,1150004,1150004,0,0,107031,0,0,0,0,0,0,0,0,0,1,0,1,0
115500101,1155,1155001,1155001,0,0,5311,5411,115511,0,0,0,0,0,0,0,1,0,1,0
115500102,1155,1155001,1155001,0,0,5311,5411,115511,0,0,0,0,0,0,0,1,0,1,0
115500401,1155,1155004,1155004,0,0,105931,0,0,0,0,0,0,0,0,0,1,0,1,0
115500402,1155,1155004,1155004,0,0,105931,0,0,0,0,0,0,0,0,0,1,0,1,0
115600201,1156,1156002,0,0,0,5311,5411,115611,0,0,0,0,0,0,0,1,0,1,0
115600401,1156,1156004,1156004,0,0,100232,0,0,0,0,0,0,0,0,0,1,0,1,0
115600402,1156,1156004,1156004,0,0,100232,0,0,0,0,0,0,0,0,0,1,0,1,0
115600403,1156,1156004,1156004,0,0,100232,0,0,0,0,0,0,0,0,0,1,0,1,0
115700301,1157,1157003,1157003,0,0,115711,0,0,0,0,0,0,0,0,0,1,0,1,0
115700302,1157,1157003,1157003,0,0,115711,0,0,0,0,0,0,0,0,0,1,0,1,0
115700401,1157,1157004,1157004,0,0,101431,0,0,0,0,0,0,0,0,0,1,0,1,0
115700402,1157,1157004,1157004,0,0,101431,0,0,0,0,0,0,0,0,0,1,0,1,0
115800101,1158,1158001,0,0,0,115812,0,0,0,0,0,0,0,0,0,1,0,1,0
115800401,1158,1158004,0,0,0,3731,105231,0,0,0,0,0,0,0,0,1,0,1,0
115900101,1159,1159001,0,0,0,115911,0,0,0,0,0,0,0,0,0,1,0,1,0
115900401,1159,1159004,1159004,0,0,104331,0,0,0,0,0,0,0,0,0,1,0,1,0
115900402,1159,1159004,1159004,0,0,104331,0,0,0,0,0,0,0,0,0,1,0,1,0
116000301,1160,1160003,0,0,0,116011,0,0,0,0,0,0,0,0,0,1,0,1,0
116000401,1160,1160004,0,0,0,101031,0,0,0,0,0,0,0,0,0,1,0,1,0
116200201,1162,1162003,0,0,0,3112,116211,0,0,0,0,0,0,0,0,1,0,1,0
116200401,1162,1162004,1162004,0,0,110832,0,0,0,0,0,0,0,0,0,1,0,1,0
116200402,1162,1162004,1162004,0,0,110832,0,0,0,0,0,0,0,0,0,1,0,1,0
116300301,1163,1163003,0,0,0,0,0,0,0,0,0,0,0,0,0,1,0,1,0
116300401,1163,1163004,0,0,0,0,0,0,0,0,0,0,0,0,0,1,0,1,0
116500301,1165,1165003,0,0,0,116511,0,0,0,0,0,0,0,0,0,1,0,1,0
116500401,1165,1165004,0,0,0,106631,0,0,0,0,0,0,0,0,0,1,0,1,0
180100101,1801,1801001,1801001,0,0,100111,0,0,0,0,0,0,0,0,0,1,0,1,0
180100102,1801,1801001,1801001,0,0,100111,0,0,0,0,0,0,0,0,0,1,0,1,0
180100401,1801,1801004,1801004,0,0,100131,0,0,0,0,0,0,0,0,0,1,0,1,0
180100402,1801,1801004,1801004,0,0,100131,0,0,0,0,0,0,0,0,0,1,0,1,0
180200101,1802,1802001,0,0,0,100211,0,0,0,0,0,0,0,0,0,1,0,1,0
180200401,1802,1802004,1802004,0,0,100231,0,0,0,0,0,0,0,0,0,1,0,1,0
180200402,1802,1802004,1802004,0,0,100231,0,0,0,0,0,0,0,0,0,1,0,1,0
180400201,1804,1804002,0,0,0,105812,0,0,0,0,0,0,0,0,0,1,0,1,0
180400401,1804,1804004,0,0,0,105831,0,0,0,0,0,0,0,0,0,1,0,1,0
180500201,1805,1805002,1805002,0,0,105913,0,0,0,0,0,0,0,0,0,1,0,1,0
180500202,1805,1805002,1805002,0,0,105913,0,0,0,0,0,0,0,0,0,1,0,1,0
180500401,1805,1805004,1805004,0,0,105931,0,0,0,0,0,0,0,0,0,1,0,1,0
180500402,1805,1805004,1805004,0,0,105931,0,0,0,0,0,0,0,0,0,1,0,1,0
180600301,1806,1806003,0,0,0,106012,0,0,0,0,0,0,0,0,0,1,0,1,0
180600401,1806,1806004,0,0,0,106031,0,0,0,0,0,0,0,0,0,1,0,1,0
200000080,2000,2000080,0,0,0,0,0,0,0,0,0,0,0,0,0,1,0,0,0
200000201,2000,2000002,0,0,0,105913,0,0,0,0,0,0,0,0,0,1,0,1,0
200000202,2000,2000002,0,0,0,0,0,0,0,0,0,0,0,0,0,1,0,1,0
200099901,2000,2000999,0,0,0,0,0,0,0,0,0,0,0,0,0,0,0,1,0
200100101,2001,2001001,0,0,0,102511,0,0,0,0,0,0,0,0,0,1,0,1,0
200100102,2001,2001001,0,0,0,102511,0,0,0,0,0,0,0,0,0,1,0,1,0
200100201,2001,2001002,0,0,0,102511,105911,106112,0,0,0,0,0,0,0,1,0,1,0
200100301,2001,2001003,0,0,0,104311,106211,0,0,0,0,0,0,0,0,1,0,1,0
200100302,2001,2001003,0,0,0,0,0,0,0,0,0,0,0,0,0,1,0,1,0
200100401,2001,2001004,0,0,0,101112,104911,0,0,0,0,0,0,0,0,1,0,1,0
200100402,2001,2001004,0,0,0,104311,0,0,0,0,0,0,0,0,0,1,0,1,0
200100501,2001,2001005,0,0,0,104311,0,0,0,0,0,0,0,0,0,1,0,1,0
200100502,2001,2001005,0,0,0,0,0,0,0,0,0,0,0,0,0,1,0,1,0
200200101,2002,2002001,0,0,0,101011,0,0,0,0,0,0,0,0,0,1,0,1,0
200200102,2002,2002001,0,0,0,101011,101711,0,0,0,0,0,0,0,0,1,0,1,0
200200201,2002,2002002,0,0,0,107111,0,0,0,0,0,0,0,0,0,1,0,1,0
200200301,2002,2002003,0,0,0,107111,0,0,0,0,0,0,0,0,0,1,0,1,0
200200401,2002,2002004,0,0,0,101711,104311,105911,107111,0,0,0,0,0,0,1,0,1,0
200200501,2002,2002005,0,0,0,107111,0,0,0,0,0,0,0,0,0,1,0,1,0
200300101,2003,2003001,0,0,0,102511,0,0,0,0,0,0,0,0,0,1,0,1,0
200300201,2003,2003002,0,0,0,102111,0,0,0,0,0,0,0,0,0,1,0,1,0
200300202,2003,2003002,0,0,0,102511,102811,105911,0,0,0,0,0,0,0,1,0,1,0
200300301,2003,2003003,0,0,0,0,0,0,0,0,0,0,0,0,0,1,0,1,0
200300401,2003,2003004,0,0,0,102111,102311,0,0,0,0,0,0,0,0,1,0,1,0
200300402,2003,2003004,0,0,0,0,0,0,0,0,0,0,0,0,0,1,0,1,0
200300403,2003,2003004,0,0,0,0,0,0,0,0,0,0,0,0,0,1,0,1,0
200300501,2003,2003005,0,0,0,100011,102511,105911,0,0,0,0,0,0,0,1,0,1,0
200400101,2004,2004001,0,0,0,101011,102811,0,0,0,0,0,0,0,0,1,0,1,0
200400201,2004,2004002,0,0,0,100011,102611,105811,0,0,0,0,0,0,0,1,0,1,0
200400301,2004,2004003,0,0,0,0,0,0,0,0,0,0,0,0,0,1,0,1,0
200400302,2004,2004003,0,0,0,102611,0,0,0,0,0,0,0,0,0,1,0,1,0
200400303,2004,2004003,0,0,0,0,0,0,0,0,0,0,0,0,0,1,0,1,0
200400401,2004,2004004,0,0,0,103311,0,0,0,0,0,0,0,0,0,1,0,1,0
200400501,2004,2004005,0,0,0,106011,0,0,0,0,0,0,0,0,0,1,0,1,0
200500301,2005,2005003,0,0,0,106112,107311,0,0,0,0,0,0,0,0,1,0,1,0
200500401,2005,2005004,0,0,0,106911,106012,0,0,0,0,0,0,0,0,1,0,1,0
200500402,2005,2005004,0,0,0,106911,0,0,0,0,0,0,0,0,0,1,0,1,0
200500403,2005,2005004,0,0,0,100011,106011,106911,0,0,0,0,0,0,0,1,0,1,0
200500601,2005,2005006,0,0,0,105811,0,0,0,0,0,0,0,0,0,1,0,1,0
200600201,2006,2006002,0,0,0,103211,0,0,0,0,0,0,0,0,0,1,0,1,0
200600202,2006,2006002,0,0,0,102511,0,0,0,0,0,0,0,0,0,1,0,1,0
200600401,2006,2006004,0,0,0,105812,0,0,0,0,0,0,0,0,0,1,0,1,0
200600402,2006,2006004,0,0,0,100011,102311,102511,105812,105913,0,0,0,0,0,1,0,1,0
200600601,2006,2006006,0,0,0,105811,0,0,0,0,0,0,0,0,0,1,0,1,0
200600901,2006,2006009,0,0,0,102811,104811,0,0,0,0,0,0,0,0,1,0,1,0
200601201,2006,2006012,0,0,0,0,0,0,0,0,0,0,0,0,0,1,0,1,0
200601202,2006,2006012,0,0,0,0,0,0,0,0,0,0,0,0,0,1,0,1,0
200601203,2006,2006012,2006012,0,0,0,0,0,0,0,0,0,0,0,0,1,0,1,0
200601204,2006,2006012,2006012,0,0,0,0,0,0,0,0,0,0,0,0,1,0,1,0
200601301,2006,2006013,0,0,0,106112,190711,0,0,0,0,0,0,0,0,1,0,1,0
200700101,2007,2007001,0,0,0,101211,0,0,0,0,0,0,0,0,0,1,0,1,0
200700401,2007,2007004,0,0,0,100611,102211,0,0,0,0,0,0,0,0,1,0,1,0
200700601,2007,2007006,0,0,0,100711,104412,0,0,0,0,0,0,0,0,1,0,1,0
200700801,2007,2007008,0,0,0,0,0,0,0,0,0,0,0,0,0,1,0,1,0
200701001,2007,2007010,0,0,0,104411,0,0,0,0,0,0,0,0,0,1,0,1,0
200701002,2007,2007010,0,0,0,100711,103111,104412,105911,0,0,0,0,0,0,1,0,1,0
200701101,2007,2007011,0,0,0,100011,100611,102211,105811,105911,0,0,0,0,0,1,0,1,0
200800201,2008,2008002,0,0,0,100011,101112,104911,0,0,0,0,0,0,0,1,0,1,0
200800301,2008,2008003,0,0,0,107111,190711,0,0,0,0,0,0,0,0,1,0,1,0
200800401,2008,2008004,0,0,0,0,0,0,0,0,0,0,0,0,0,1,0,1,0
200800901,2008,2008009,0,0,0,106112,0,0,0,0,0,0,0,0,0,1,0,1,0
200801301,2008,2008013,0,0,0,106013,0,0,0,0,0,0,0,0,0,1,0,1,0
200801501,2008,2008015,0,0,0,100011,100411,102011,103611,0,0,0,0,0,0,1,0,1,0
200900101,2009,2009001,0,0,0,105912,0,0,0,0,0,0,0,0,0,1,0,1,0
200900201,2009,2009002,0,0,0,100511,103711,0,0,0,0,0,0,0,0,1,0,1,0
200900401,2009,2009004,0,0,0,106211,0,0,0,0,0,0,0,0,0,1,0,1,0
200900501,2009,2009005,0,0,0,107011,0,0,0,0,0,0,0,0,0,1,0,1,0
200900601,2009,2009006,0,0,0,0,0,0,0,0,0,0,0,0,0,1,0,1,0
200900801,2009,2009008,0,0,0,100011,100511,103711,105913,0,0,0,0,0,0,1,0,1,0
200900901,2009,2009009,0,0,0,102912,104212,105412,0,0,0,0,0,0,0,1,0,1,0
200901001,2009,2009010,0,0,0,0,0,0,0,0,0,0,0,0,0,1,0,1,0
200901101,2009,2009011,0,0,0,0,0,0,0,0,0,0,0,0,0,1,0,1,0
200901201,2009,2009012,0,0,0,0,0,0,0,0,0,0,0,0,0,1,0,1,0
200901301,2009,2009013,0,0,0,107111,0,0,0,0,0,0,0,0,0,1,0,1,0
200909901,2009,2009099,0,0,0,106832,0,0,0,0,0,0,0,0,0,1,0,1,0
201000101,2010,2010001,0,0,0,105913,106831,0,0,0,0,0,0,0,0,1,0,1,0
201000102,2010,2010001,0,0,0,105913,0,0,0,0,0,0,0,0,0,1,0,1,0
201000201,2010,2010002,0,0,0,0,0,0,0,0,0,0,0,0,0,1,0,1,0
201000301,2010,2010003,0,0,0,0,0,0,0,0,0,0,0,0,0,1,0,1,0
201000401,2010,2010004,0,0,0,105912,0,0,0,0,0,0,0,0,0,1,0,1,0
201000402,2010,2010004,0,0,0,105912,0,0,0,0,0,0,0,0,0,1,0,1,0
201000501,2010,2010005,0,0,0,104912,105913,0,0,0,0,0,0,0,0,1,0,1,0
201000601,2010,2010006,0,0,0,104912,105913,0,0,0,0,0,0,0,0,1,0,1,0
201000602,2010,2010006,0,0,0,100011,104912,105913,107311,0,0,0,0,0,0,1,0,1,0
201000701,2010,2010007,2010007,0,0,100111,100211,100311,0,0,0,0,0,0,0,1,0,1,0
201000702,2010,2010007,2010007,0,0,100111,100211,100311,0,0,0,0,0,0,0,1,1,0,0
201000801,2010,2010008,0,0,0,100111,100311,0,0,0,0,0,0,0,0,1,0,1,0
201100201,2011,2011002,0,0,0,100011,105911,0,0,0,0,0,0,0,0,1,0,1,0
201100401,2011,2011004,0,0,0,105813,105911,0,0,0,0,0,0,0,0,1,0,1,0
201100501,2011,2011005,0,0,0,105813,105911,0,0,0,0,0,0,0,0,1,0,1,0
201100601,2011,2011006,2011006,0,0,105813,0,0,0,0,0,0,0,0,0,1,0,1,0
201100602,2011,2011006,2011006,0,0,105813,0,0,0,0,0,0,0,0,0,1,0,1,0
201100603,2011,2011006,2011006,0,0,105813,0,0,0,0,0,0,0,0,0,1,0,1,0
201100604,2011,2011006,2011006,0,0,105813,0,0,0,0,0,0,0,0,0,1,0,1,0
201200401,2012,2012004,2012004,0,0,101711,103311,104611,0,0,0,0,0,0,0,1,0,1,0
201200402,2012,2012004,2012004,0,0,101711,103311,104611,0,0,0,0,0,0,0,1,0,1,0
201200501,2012,2012005,0,0,0,100511,101711,102011,104611,0,0,0,0,0,0,1,0,1,0
201200601,2012,2012006,0,0,0,106511,106611,0,0,0,0,0,0,0,0,1,0,1,0
201201101,2012,2012011,0,0,0,0,0,0,0,0,0,0,0,0,0,1,0,1,0
201201401,2012,2012014,0,0,0,105831,106031,0,0,0,0,0,0,0,0,1,0,1,0
201300101,2013,2013001,0,0,0,102811,103211,103411,103711,104811,0,0,0,0,0,1,0,1,0
201300501,2013,2013005,0,0,0,0,0,0,0,0,0,0,0,0,0,1,0,1,0
201300601,2013,2013006,0,0,0,101211,102611,105211,0,0,0,0,0,0,0,1,0,1,0
201300801,2013,2013008,2013008,0,0,103111,0,0,0,0,0,0,0,0,0,1,0,1,0
201300802,2013,2013008,2013008,0,0,103111,0,0,0,0,0,0,0,0,0,1,0,1,0
201300901,2013,2013009,2013009,0,0,100611,100711,102211,103111,104411,0,0,0,0,0,1,0,1,0
201300902,2013,2013009,2013009,0,0,100611,100711,102211,103111,104411,0,0,0,0,0,1,0,1,0
201301101,2013,2013011,0,0,0,105811,106914,0,0,0,0,0,0,0,0,1,0,1,0
201301601,2013,2013016,2013016,0,0,100211,106113,0,0,0,0,0,0,0,0,1,0,1,0
201301602,2013,2013016,2013016,0,0,100211,106113,0,0,0,0,0,0,0,0,1,0,1,0
201400201,2014,2014002,0,0,0,105811,0,0,0,0,0,0,0,0,0,1,0,1,0
201400301,2014,2014003,0,0,0,0,0,0,0,0,0,0,0,0,0,1,0,1,0
201400401,2014,2014003,0,0,0,0,0,0,0,0,0,0,0,0,0,1,0,1,0
201400402,2014,2014004,0,0,0,101211,0,0,0,0,0,0,0,0,0,1,0,1,0
201400501,2014,2014005,0,0,0,105811,106011,0,0,0,0,0,0,0,0,1,0,1,0
201400901,2014,2014009,0,1,-840,100011,100111,100211,100311,101711,104311,105811,105911,106011,0,1,0,1,2
201500401,2015,2015004,0,0,0,100211,105811,105911,104911,106011,0,0,0,0,0,0,0,1,0
201500402,2015,2015004,2015004,0,0,105911,0,0,0,0,0,0,0,0,0,0,0,1,0
201500403,2015,2015004,2015004,0,0,105911,0,0,0,0,0,0,0,0,0,0,0,1,0
201500404,2015,2015004,2015004,0,0,105911,0,0,0,0,0,0,0,0,0,0,0,1,0
201500405,2015,2015004,2015004,0,0,105911,0,0,0,0,0,0,0,0,0,0,0,1,0
201500406,2015,2015004,2015004,0,0,105911,0,0,0,0,0,0,0,0,0,0,0,1,0
201500501,2015,2015005,2015005,0,0,105913,0,0,0,0,0,0,0,0,0,0,0,1,0
201500502,2015,2015005,2015005,0,0,105913,0,0,0,0,0,0,0,0,0,0,0,1,0
201500503,2015,2015005,2015005,0,0,105913,0,0,0,0,0,0,0,0,0,0,0,1,0
201500801,2015,2015008,0,0,0,106011,106915,0,0,0,0,0,0,0,0,0,0,1,0
201500802,2015,2015008,2015008,0,0,106915,0,0,0,0,0,0,0,0,0,0,0,1,0
201500803,2015,2015008,2015008,0,0,106915,0,0,0,0,0,0,0,0,0,0,0,1,0
210100101,2101,2101001,0,0,0,0,0,0,0,0,0,0,0,0,0,0,0,1,0
210100102,2101,2101001,0,0,0,0,0,0,0,0,0,0,0,0,0,0,0,1,0
210100301,2101,2101003,0,0,0,0,0,0,0,0,0,0,0,0,0,0,0,1,0
210100501,2101,2101005,0,0,0,100111,100211,105913,106012,0,0,0,0,0,0,0,0,1,0
210100601,2101,2101006,0,0,0,105913,106414,0,0,0,0,0,0,0,0,0,0,1,0
210100602,2101,2101006,0,0,0,105812,105913,106012,0,0,0,0,0,0,0,0,0,1,0
210100701,2101,2101007,0,0,0,100312,0,0,0,0,0,0,0,0,0,0,0,1,0
210100801,2101,2101008,0,0,0,191611,0,0,0,0,0,0,0,0,0,0,0,1,0
210101301,2101,2101013,0,0,0,105811,0,0,0,0,0,0,0,0,0,0,0,1,0
210101401,2101,2101014,0,0,0,191611,0,0,0,0,0,0,0,0,0,0,0,1,0
210101402,2101,2101014,2101014,0,0,180211,180411,0,0,0,0,0,0,0,0,0,0,1,0
210101403,2101,2101014,2101014,0,0,180211,180411,0,0,0,0,0,0,0,0,0,0,1,0
210200301,2102,2102003,0,0,0,106812,0,0,0,0,0,0,0,0,0,0,0,1,0
210200401,2102,2102004,0,0,0,191811,0,0,0,0,0,0,0,0,0,0,0,1,0
210200701,2102,2102007,0,0,0,0,0,0,0,0,0,0,0,0,0,0,0,1,0
210201001,2102,2102010,0,0,0,100011,100111,100211,100311,105811,106011,0,0,0,0,0,0,1,0
210201101,2102,2102011,2102011,0,0,191811,0,0,0,0,0,0,0,0,0,0,0,1,0
210201102,2102,2102011,2102011,0,0,191811,0,0,0,0,0,0,0,0,0,0,0,1,0
210209901,2102,2102099,0,0,0,100911,101311,102711,105111,105611,0,0,0,0,0,0,0,1,0
210300201,2103,2103002,0,0,0,102811,105812,0,0,0,0,0,0,0,0,0,0,1,0
210300601,2103,2103006,0,0,0,100411,102011,103611,106414,0,0,0,0,0,0,0,0,1,0
210300602,2103,2103006,2103006,0,0,100411,102011,103611,105911,106414,191611,0,0,0,0,0,0,1,0
210300603,2103,2103006,2103006,0,0,100411,102011,103611,105911,106414,191611,0,0,0,0,0,0,1,0
210300901,2103,2103009,2103009,0,0,0,0,0,0,0,0,0,0,0,0,0,0,1,0
210300902,2103,2103009,2103009,0,0,0,0,0,0,0,0,0,0,0,0,0,0,1,0
210300903,2103,2103009,2103009,0,0,0,0,0,0,0,0,0,0,0,0,0,0,1,0
210301101,2103,2103011,0,0,0,102111,102311,0,0,0,0,0,0,0,0,0,0,1,0
210301301,2103,2103013,0,0,0,191611,0,0,0,0,0,0,0,0,0,0,0,1,0
210301302,2103,2103013,0,0,0,100011,100111,100311,105911,106414,191611,0,0,0,0,0,0,1,0
210301401,2103,2103014,0,0,0,105811,191711,0,0,0,0,0,0,0,0,0,0,1,0
210301601,2103,2103016,0,0,0,102111,102311,191611,0,0,0,0,0,0,0,0,0,1,0
210301801,2103,2103018,0,0,0,100211,102111,102311,105912,106012,106412,0,0,0,0,0,0,1,0
210309901,2103,2103099,0,0,0,105812,0,0,0,0,0,0,0,0,0,0,0,1,0
210400101,2104,2104001,0,0,0,106412,0,0,0,0,0,0,0,0,0,0,0,1,0
210400301,2104,2104003,0,0,0,415,101611,101811,105011,105812,106012,106412,192011,0,0,0,0,1,0
210400401,2104,2104004,0,0,0,106414,107811,110211,192011,0,0,0,0,0,0,0,0,1,0
210400901,2104,2104009,2104009,0,0,106011,180411,192012,0,0,0,0,0,0,0,1,0,1,0
210400902,2104,2104009,2104009,0,0,180411,192012,0,0,0,0,0,0,0,0,1,0,1,0
210409901,2104,2104099,2104099,0,0,100011,100211,0,0,0,0,0,0,0,0,1,0,1,0
210409902,2104,2104099,2104099,0,0,100011,100211,0,0,0,0,0,0,0,0,1,0,1,0
210409903,2104,2104099,0,0,0,0,0,0,0,0,0,0,0,0,0,1,0,1,0
210500401,2105,2105004,0,0,0,106012,106412,106711,0,0,0,0,0,0,0,1,0,1,0
210500501,2105,2105005,2105005,0,0,105812,191511,0,0,0,0,0,0,0,0,1,0,1,0
210500502,2105,2105005,2105005,0,0,105812,191511,0,0,0,0,0,0,0,0,1,0,1,0
210500701,2105,2105007,2105007,0,0,105913,106412,191511,191911,0,0,0,0,0,0,1,0,1,0
210500702,2105,2105007,2105007,0,0,1411,103211,104611,105913,106412,191511,191911,0,0,0,1,0,1,0
210500901,2105,2105009,2105009,0,0,106012,0,0,0,0,0,0,0,0,0,1,0,1,0
210500902,2105,2105009,2105009,0,0,106012,0,0,0,0,0,0,0,0,0,1,0,1,0
210600501,2106,2106005,2106005,0,0,100211,105111,105913,106412,109511,109611,0,0,0,0,1,0,1,0
210600502,2106,2106005,2106005,0,0,100211,105111,105913,106412,109511,109611,0,0,0,0,1,0,1,0
210600701,2106,2106007,2106007,0,0,191611,191811,192011,0,0,0,0,0,0,0,1,0,1,0
210600702,2106,2106007,2106007,0,0,105911,191611,191811,192011,0,0,0,0,0,0,1,0,1,0
210609901,2106,2106099,2106099,0,0,100211,0,0,0,0,0,0,0,0,0,1,0,1,0
210609902,2106,2106099,2106099,0,0,100211,0,0,0,0,0,0,0,0,0,1,0,1,0
210609903,2106,2106099,2106099,0,0,100211,0,0,0,0,0,0,0,0,0,1,0,1,0
210700301,2107,2107003,0,0,0,100511,103711,191411,0,0,0,0,0,0,0,1,0,1,0
210700401,2107,2107004,2107004,0,0,100111,106113,0,0,0,0,0,0,0,0,1,0,1,0
210700402,2107,2107004,2107004,0,0,100111,106113,0,0,0,0,0,0,0,0,1,0,1,0
210709901,2107,2107099,0,0,0,107111,192011,0,0,0,0,0,0,0,0,1,0,1,0
210709902,2107,2107099,0,0,0,191011,0,0,0,0,0,0,0,0,0,1,0,1,0
300100101,3001,3001001,3001001,0,0,0,0,0,0,0,0,0,0,0,0,1,0,1,0
300100102,3001,3001001,3001001,0,0,105913,106012,0,0,0,0,0,0,0,0,1,0,1,0
300100103,3001,3001001,3001001,0,0,105812,0,0,0,0,0,0,0,0,0,1,0,1,0
300200301,3002,3002003,0,0,0,100511,103711,104712,107111,0,0,0,0,0,0,1,0,1,0
300300201,3003,3003002,0,0,0,102111,102311,102811,0,0,0,0,0,0,0,1,0,1,0
300400301,3004,3004003,0,0,0,101011,101411,101711,104311,0,0,0,0,0,0,1,0,1,0
300500301,3005,3005003,0,0,0,102611,103311,103811,105211,0,0,0,0,0,0,1,0,1,0
300600201,3006,3006002,3006002,0,0,104911,0,0,0,0,0,0,0,0,0,1,0,1,0
300600202,3006,3006002,3006002,0,0,101111,104911,0,0,0,0,0,0,0,0,1,0,1,0
300700101,3007,3007001,0,0,0,100111,100211,100311,0,0,0,0,0,0,0,1,0,1,0
300800101,3008,3008001,0,0,0,103411,104611,104811,0,0,0,0,0,0,0,1,0,1,0
300900101,3009,3009001,0,0,0,101211,101511,104011,0,0,0,0,0,0,0,1,0,1,0
301100101,3011,3011001,0,0,0,0,0,0,0,0,0,0,0,0,0,1,0,1,0
301200201,3012,3012002,3012002,0,0,100811,103011,104511,0,0,0,0,0,0,0,1,0,1,0
301200202,3012,3012002,3012002,0,0,100811,103011,104511,105511,0,0,0,0,0,0,1,0,1,0
301300101,3013,3013001,0,0,0,100411,102011,103611,0,0,0,0,0,0,0,1,0,1,0
301300301,3013,3013003,0,0,0,100411,102011,103611,0,0,0,0,0,0,0,1,0,1,0
301400101,3014,3014001,0,0,0,0,0,0,0,0,0,0,0,0,0,1,0,1,0
301500201,3015,3015002,0,0,0,101611,101811,105011,0,0,0,0,0,0,0,1,0,1,0
301600301,3016,3016003,0,0,0,110811,110911,111011,0,0,0,0,0,0,0,0,0,1,0
301700201,3017,3017002,0,0,0,106511,106611,106711,0,0,0,0,0,0,0,0,0,1,0
400300101,4003,4003001,0,0,0,0,0,0,0,0,0,0,0,0,0,1,0,0,1
400700301,4007,4007003,0,0,0,106012,0,0,0,0,0,0,0,0,0,1,1,0,0
500100401,5001,5001004,0,0,0,0,0,0,0,0,0,0,0,0,0,1,1,0,0
500100601,5001,5001006,0,1,-800,101211,103811,0,0,0,0,0,0,0,0,1,0,1,1
500100602,5001,5001006,0,0,0,0,0,0,0,0,0,0,0,0,0,1,0,1,0
500200401,5002,5002004,0,0,0,0,0,0,0,0,0,0,0,0,0,1,1,0,0
500200601,5002,5002006,0,0,0,100411,103611,0,0,0,0,0,0,0,0,1,0,1,0
500200701,5002,5002007,0,0,0,100411,102011,103611,0,0,0,0,0,0,0,1,0,1,0
500300301,5003,5003003,0,0,0,0,0,0,0,0,101011,101711,104412,0,0,1,0,1,0
500300601,5003,5003006,0,0,0,0,0,0,0,0,101011,101711,104411,0,0,1,0,1,0
500400101,5004,5004001,0,0,0,107611,0,0,0,0,0,0,0,0,0,1,0,1,0
500400601,5004,5004006,500400601,1,300,107811,0,0,0,0,0,0,0,0,0,1,0,1,2
500400602,5004,5004006,500400601,1,300,107811,0,0,0,0,0,0,0,0,0,1,0,1,2
500400603,5004,5004006,500400603,0,0,107511,0,0,0,0,0,0,0,0,0,1,0,1,0
500400604,5004,5004006,500400603,0,0,107511,0,0,0,0,0,0,0,0,0,1,0,1,0
500400701,5004,5004007,500400702,0,0,102111,102311,102811,107711,0,0,0,0,0,0,1,0,1,0
500400702,5004,5004007,500400702,0,0,102111,102311,102811,107711,107511,107611,107811,0,0,0,1,0,1,0
500400703,5004,5004007,500400702,0,0,107511,107611,107811,0,0,0,0,0,0,0,1,0,1,0
500400704,5004,5004007,500400702,0,0,107611,107811,0,0,0,0,0,0,0,0,1,0,1,0
500500001,5005,5005000,0,0,0,107911,108011,0,0,0,0,0,0,0,0,1,0,1,0
500500101,5005,5005001,5005001,0,0,107911,108011,0,0,0,0,0,0,0,0,1,0,1,0
500500102,5005,5005001,5005001,0,0,107911,108011,0,0,0,0,0,0,0,0,1,0,1,0
500500501,5005,5005005,0,0,0,103211,103411,107911,108011,0,0,0,0,0,0,1,0,1,0
500500601,5005,5005006,0,0,0,0,0,0,0,0,0,0,0,0,0,1,0,1,0
500500701,5005,5005007,0,0,0,103211,103411,107911,108011,0,0,0,0,0,0,1,0,1,0
500600301,5006,5006003,0,0,0,0,0,0,0,0,0,0,0,0,0,1,0,1,0
500600401,5006,5006004,0,0,0,104713,0,0,0,0,0,0,0,0,0,1,0,1,0
500600601,5006,5006006,0,0,0,100511,103711,104713,0,0,0,0,0,0,0,1,0,1,0
500600602,5006,5006006,5006006,0,0,0,0,0,0,0,0,0,0,0,0,1,0,1,0
500600603,5006,5006006,5006006,0,0,0,0,0,0,0,0,0,0,0,0,1,0,1,0
500600701,5006,5006007,0,0,0,100511,103711,107111,0,0,0,0,0,0,0,1,0,1,0
500700001,5007,5007000,0,0,0,103111,108211,0,0,0,0,0,0,0,0,1,0,1,0
500700201,5007,5007002,0,0,0,108111,108211,0,0,0,0,0,0,0,0,1,0,1,0
500700401,5007,5007004,0,0,0,108111,0,0,0,0,0,0,0,0,0,1,0,1,0
500700701,5007,5007007,5007007,0,0,108111,108211,0,0,0,0,0,0,0,0,1,0,1,0
500700702,5007,5007007,5007007,0,0,108111,108211,0,0,0,0,0,0,0,0,1,0,1,0
500800001,5008,5008000,0,0,0,100911,101311,105611,0,0,0,0,0,0,0,1,0,1,0
500800501,5008,5008005,0,0,0,102711,105111,0,0,0,0,0,0,0,0,1,0,1,0
500800601,5008,5008006,5008006,0,0,0,0,0,0,0,0,0,0,0,0,1,0,1,0
500800602,5008,5008006,5008006,0,0,0,0,0,0,0,0,0,0,0,0,1,0,1,0
500800603,5008,5008006,5008006,0,0,0,0,0,0,0,0,0,0,0,0,1,0,1,0
500800701,5008,5008007,0,0,0,100011,100911,101311,102711,105111,105611,0,0,0,0,1,0,1,0
500900001,5009,5009000,0,0,0,104211,0,0,0,0,0,0,0,0,0,1,0,1,0
500900401,5009,5009004,0,0,0,104211,102911,0,0,0,0,0,0,0,0,1,0,1,0
500900501,5009,5009005,5009005,0,0,108411,108511,102911,0,0,0,0,0,0,0,1,0,1,0
500900502,5009,5009005,5009005,0,0,108411,108511,102911,0,0,0,0,0,0,0,1,0,1,0
500900601,5009,5009006,0,0,0,0,0,0,0,0,0,0,0,0,0,1,0,1,0
501000201,5010,5010002,0,0,0,100011,108711,0,0,0,0,0,0,0,0,1,0,1,0
501000301,5010,5010003,5010003,0,0,108811,0,0,0,0,0,0,0,0,0,1,0,1,0
501000302,5010,5010003,5010003,0,0,0,0,0,0,0,0,0,0,0,0,1,0,1,0
501000401,5010,5010004,5010004,0,0,108911,0,0,0,0,0,0,0,0,0,1,0,1,0
501000402,5010,5010004,5010004,0,0,108911,0,0,0,0,0,0,0,0,0,1,0,1,0
501000701,5010,5010007,0,0,0,999901,0,0,0,0,0,0,0,0,0,1,0,1,0
501100101,5011,5011001,5011001,0,0,102711,104911,0,0,0,0,0,0,0,0,1,0,1,0
501100102,5011,5011001,5011001,0,0,102711,104911,0,0,0,0,0,0,0,0,1,0,1,0
501100301,5011,5011003,0,0,0,101112,109011,0,0,0,0,0,0,0,0,1,0,1,0
501100401,5011,5011004,5011004,0,0,101112,109011,109111,0,0,0,0,0,0,0,1,0,1,0
501100402,5011,5011004,5011004,0,0,101112,109011,109111,0,0,0,0,0,0,0,1,0,1,0
501100501,5011,5011005,0,0,0,101111,0,0,0,0,0,0,0,0,0,1,0,1,0
501100601,5011,5011005,0,0,0,0,0,0,0,0,0,0,0,0,0,1,0,1,0
501200201,5012,5012002,5011202,0,0,104311,0,0,0,0,0,0,0,0,0,1,0,1,0
501200202,5012,5012002,5011202,0,0,104311,0,0,0,0,0,0,0,0,0,1,0,1,0
501200401,5012,5012004,0,0,0,101411,104311,105511,0,0,0,0,0,0,0,1,0,1,0
501200501,5012,5012005,0,0,0,101411,0,0,0,0,0,0,0,0,0,1,0,1,0
501200601,5012,5012006,0,0,0,105511,0,0,0,0,0,0,0,0,0,1,0,1,0
501200602,5012,5012006,0,0,0,0,0,0,0,0,0,0,0,0,0,1,0,1,0
501300001,5013,5013000,0,0,0,0,0,0,0,0,0,0,0,0,0,1,1,0,0
501300201,5013,5013002,0,0,0,105913,109411,0,0,0,0,0,0,0,0,1,0,1,0
501300401,5013,5013004,0,0,0,106011,109311,0,0,0,0,0,0,0,0,1,0,1,0
501300501,5013,5013005,0,0,0,105812,109211,0,0,0,0,0,0,0,0,1,0,1,0
501300701,5013,5013007,0,0,0,105812,105913,106012,109211,109311,109411,0,0,0,0,1,0,1,0
501500101,5015,5015001,0,0,0,109511,109611,0,0,0,0,0,0,0,0,1,0,1,0
501500102,5015,5015001,5015001,0,0,109511,0,0,0,0,0,0,0,0,0,1,0,1,0
501500103,5015,5015001,5015001,0,0,109511,0,0,0,0,0,0,0,0,0,1,0,1,0
501500104,5015,5015001,5015001,0,0,109511,0,0,0,0,0,0,0,0,0,1,0,1,0
501500401,5015,5015004,0,0,0,100811,105311,105511,109511,109611,0,0,0,0,0,1,0,1,0
501500501,5015,5015005,0,0,0,100811,105311,105511,109511,109611,0,0,0,0,0,1,0,1,0
501500701,5015,5015007,0,0,0,100811,105311,105511,109511,109611,0,0,0,0,0,1,0,1,0
501700101,5017,5017001,0,0,0,2611,105811,105911,106011,109711,109811,109911,0,0,0,1,0,1,0
501700201,5017,5017002,0,0,0,105913,109711,109811,109911,0,0,0,0,0,0,1,0,1,0
501700601,5017,5017006,0,0,0,109712,0,0,0,0,0,0,0,0,0,1,0,1,0
501700701,5017,5017007,0,0,0,2611,2711,109711,109811,109911,0,0,0,0,0,1,0,1,0
501900101,5019,5019001,0,0,0,511,100011,110011,110111,110211,0,0,0,0,0,1,0,1,0
501900501,5019,5019005,0,0,0,110011,110111,110211,0,0,0,0,0,0,0,1,0,1,0
501900601,5019,5019006,0,0,0,110011,110211,0,0,0,0,0,0,0,0,1,0,1,0
501900701,5019,5019007,5019007,0,0,110011,110111,110211,0,0,0,0,0,0,0,1,0,1,0
501900702,5019,5019007,5019007,0,0,110011,110111,110211,0,0,0,0,0,0,0,1,0,1,0
502100001,5021,5021000,5021000,0,0,0,0,0,0,0,0,0,0,0,0,0,1,0,0
502100002,5021,5021000,5021000,0,0,0,0,0,0,0,0,0,0,0,0,0,1,0,0
502100003,5021,5021000,5021000,0,0,0,0,0,0,0,0,0,0,0,0,0,1,0,0
502100004,5021,5021000,5021000,0,0,0,0,0,0,0,0,0,0,0,0,0,1,0,0
502100005,5021,5021000,5021000,0,0,0,0,0,0,0,0,0,0,0,0,0,1,0,0
502100006,5021,5021000,5021000,0,0,0,0,0,0,0,0,0,0,0,0,0,1,0,0
502100101,5021,5021001,0,0,0,110511,0,0,0,0,0,0,0,0,0,0,0,1,0
502100401,5021,5021004,5021004,0,0,110411,0,0,0,0,0,0,0,0,0,0,0,1,0
502100402,5021,5021004,5021004,0,0,110411,0,0,0,0,0,0,0,0,0,0,0,1,0
502100501,5021,5021005,5021005,0,0,110611,0,0,0,0,0,0,0,0,0,0,0,1,0
502100502,5021,5021005,5021005,0,0,110611,0,0,0,0,0,0,0,0,0,0,0,1,0
502100701,5021,5021007,5021007,0,0,101011,101711,104311,0,0,0,0,0,0,0,0,0,1,0
502100702,5021,5021007,5021007,0,0,101011,101711,104311,0,0,0,0,0,0,0,0,0,1,0
502300201,5023,5023002,5023002,0,0,110711,110811,110911,111011,0,0,0,0,0,0,0,0,1,0
502300202,5023,5023002,5023002,0,0,110711,110811,110911,111011,0,0,0,0,0,0,0,0,1,0
502300301,5023,5023003,5023003,0,0,110711,111011,0,0,0,0,0,0,0,0,0,0,1,0
502300401,5023,5023004,5023004,0,0,110711,110811,110911,111011,0,0,0,0,0,0,0,0,1,0
502300601,5023,5023006,5023006,0,0,110711,110811,110911,111011,0,0,0,0,0,0,0,0,1,0
502310101,5023,5023101,5023101,0,0,0,0,0,0,0,0,0,0,0,0,0,1,0,0
502500101,5025,5025001,0,0,0,111111,111211,0,0,0,0,0,0,0,0,0,0,1,0
502500301,5025,5025003,0,0,0,111111,111211,0,0,0,0,0,0,0,0,0,0,1,0
502500401,5025,5025004,0,0,0,3411,111311,0,0,0,0,0,0,0,0,0,0,1,0
502500801,5025,5025008,5025008,0,0,111111,111211,0,0,0,0,0,0,0,0,0,0,1,0
502500802,5025,5025008,5025008,0,0,111111,111211,0,0,0,0,0,0,0,0,0,0,1,0
502700001,5027,5027000,0,0,0,100511,103711,0,0,0,0,0,0,0,0,0,0,1,0
502700101,5027,5027001,0,0,0,106511,106611,0,0,0,0,0,0,0,0,0,0,1,0
502700301,5027,5027003,0,0,0,100511,106611,0,0,0,0,0,0,0,0,0,0,1,0
502700601,5027,5027006,0,0,0,106511,106611,0,0,0,0,0,0,0,0,0,0,1,0
502700701,5027,5027007,5027007,0,0,100511,103711,0,0,0,0,0,0,0,0,0,0,1,0
502700702,5027,5027007,5027007,0,0,100511,103711,0,0,0,0,0,0,0,0,0,0,1,0
502900001,5029,5029000,0,0,0,111511,111611,111711,0,0,0,0,0,0,0,0,0,1,0
502900101,5029,5029001,0,0,0,100711,111511,111611,111711,0,0,0,0,0,0,0,0,1,0
502900401,5029,5029004,0,0,0,111511,111611,111711,0,0,0,0,0,0,0,0,0,1,0
502900701,5029,5029007,5029007,0,0,111511,111611,111712,0,0,0,0,0,0,0,0,0,1,0
502900702,5029,5029007,5029007,0,0,111511,111611,111712,0,0,0,0,0,0,0,0,0,1,0
503100001,5031,5031000,0,0,0,0,0,0,0,0,0,0,0,0,0,1,1,0,0
503100002,5031,5031000,0,0,0,0,0,0,0,0,0,0,0,0,0,1,1,0,0
503100003,5031,5031000,0,0,0,0,0,0,0,0,0,0,0,0,0,1,1,0,0
503100004,5031,5031000,0,0,0,0,0,0,0,0,0,0,0,0,0,1,1,0,0
503100101,5031,5031001,0,0,0,102111,105211,112011,0,0,0,0,0,0,0,1,0,1,0
503100301,5031,5031003,0,0,0,102611,0,0,0,0,0,0,0,0,0,1,0,1,0
503100601,5031,5031006,0,0,0,102811,112111,0,0,0,0,0,0,0,0,1,0,1,0
503100701,5031,5031007,5031007,0,0,102811,111811,111911,112011,112111,0,0,0,0,0,1,0,1,0
503100702,5031,5031007,5031007,0,0,102811,111811,111911,112011,112111,0,0,0,0,0,1,0,1,0
503300001,5033,5033000,0,0,0,4211,112211,112311,0,0,0,0,0,0,0,1,0,1,0
503300201,5033,5033002,0,0,0,101211,112211,112311,0,0,0,0,0,0,0,1,0,1,0
503300501,5033,5033005,0,0,0,104913,112211,112311,0,0,0,0,0,0,0,1,0,1,0
503300601,5033,5033006,0,0,0,112211,112311,0,0,0,0,0,0,0,0,1,0,1,0
503300801,5033,5033008,0,0,0,4211,112211,112311,0,0,0,0,0,0,0,1,0,1,0
503500301,5035,5035003,5035003,0,0,112411,112511,112611,0,0,0,0,0,0,0,1,0,1,0
503500302,5035,5035003,5035003,0,0,112411,112511,112611,0,0,0,0,0,0,0,1,0,1,0
503500401,5035,5035004,0,0,0,0,0,0,0,0,0,0,0,0,0,1,0,1,0
503500501,5035,5035005,0,0,0,0,0,0,0,0,0,0,0,0,0,1,0,1,0
503600101,5036,5036001,0,0,0,0,0,0,0,0,0,0,0,0,0,1,1,0,0
503600201,5036,5036002,5036002,0,0,106011,0,0,0,0,0,0,0,0,0,1,0,1,0
503600202,5036,5036002,5036002,0,0,106011,0,0,0,0,0,0,0,0,0,1,0,1,0
503600203,5036,5036002,5036002,0,0,106011,0,0,0,0,0,0,0,0,0,1,0,1,0
503600401,5036,5036004,5036004,0,0,112411,112511,112611,0,0,0,0,0,0,0,1,0,1,0
503600402,5036,5036004,5036004,0,0,112411,112511,112611,0,0,0,0,0,0,0,1,0,1,0
503600501,5036,5036005,5036005,0,0,112431,112531,112631,0,0,0,0,0,0,0,1,0,1,0
503600502,5036,5036005,5036005,0,0,112431,112531,112631,0,0,0,0,0,0,0,1,0,1,0
503800201,5038,5038002,0,0,0,110911,0,0,0,0,0,0,0,0,0,1,0,1,0
503800301,5038,5038003,5038003,0,0,104611,110811,0,0,0,0,0,0,0,0,1,0,1,0
503800302,5038,5038003,5038003,0,0,104611,110811,0,0,0,0,0,0,0,0,1,0,1,0
503800401,5038,5038004,5038004,0,0,100011,111011,0,0,0,0,0,0,0,0,1,0,1,0
503800402,5038,5038004,5038004,0,0,100011,111011,0,0,0,0,0,0,0,0,1,0,1,0
503800601,5038,5038006,0,0,0,100011,103411,104611,104811,110811,110911,111011,0,0,0,1,0,1,0
504000301,5040,5040003,0,0,0,102611,103311,103811,105211,0,0,0,0,0,0,1,0,1,0
504000401,5040,5040004,0,0,0,112711,112811,0,0,0,0,0,0,0,0,1,0,1,0
504000402,5040,5040004,0,0,0,103811,0,0,0,0,0,0,0,0,0,1,0,1,0
504000501,5040,5040005,0,0,0,112811,0,0,0,0,0,0,0,0,0,1,0,1,0
504200201,5042,5042002,0,0,0,112911,0,0,0,0,0,0,0,0,0,1,0,1,0
504200301,5042,5042003,0,0,0,106612,106711,0,0,0,0,0,0,0,0,1,0,1,0
504200501,5042,5042005,0,0,0,100113,112912,113011,0,0,0,0,0,0,0,1,0,1,0
504200701,5042,5042007,5042007,0,0,4611,101112,0,0,0,0,0,0,0,0,1,0,1,0
504200702,5042,5042007,5042007,0,0,4611,101112,0,0,0,0,0,0,0,0,1,0,1,0
504400301,5044,5044003,0,0,0,4711,113211,113311,0,0,0,0,0,0,0,1,0,1,0
504400401,5044,5044004,0,0,0,4811,113211,0,0,0,0,0,0,0,0,1,0,1,0
504400601,5044,5044006,0,0,0,4811,113111,113211,113311,0,0,0,0,0,0,1,0,1,0
504400701,5044,5044007,0,0,0,4711,4811,13611,113111,113211,113311,0,0,0,0,1,0,1,0
504600101,5046,5046001,0,0,0,911,5112,5212,113511,0,0,0,0,0,0,1,0,1,0
504600201,5046,5046002,0,0,0,813,914,5211,113411,113511,0,0,0,0,0,1,0,1,0
504600301,5046,5046003,0,0,0,913,5011,102311,106511,113511,0,0,0,0,0,1,0,1,0
504600401,5046,5046004,0,0,0,813,913,5211,113511,0,0,0,0,0,0,1,0,1,0
504600701,5046,5046007,0,0,0,0,0,0,0,0,0,0,0,0,0,1,0,1,0
504660101,5046,5046601,0,0,0,0,0,0,0,0,0,0,0,0,0,1,0,0,0
504800001,5048,5048000,0,0,0,5511,102211,0,0,0,0,0,0,0,0,1,0,1,0
504800101,5048,5048001,0,0,0,113712,113812,0,0,0,0,0,0,0,0,1,0,1,0
504800301,5048,5048003,5048003,0,0,101611,113712,0,0,0,0,0,0,0,0,1,0,1,0
504800302,5048,5048003,5048003,0,0,101611,113712,0,0,0,0,0,0,0,0,1,0,1,0
504800303,5048,5048003,5048003,0,0,101611,113712,0,0,0,0,0,0,0,0,1,0,1,0
504800601,5048,5048006,0,0,0,5511,113712,113812,0,0,0,0,0,0,0,1,0,1,0
505000301,5050,5050003,0,0,0,5812,6012,114111,0,0,0,0,0,0,0,1,0,1,0
505000302,5050,5050003,0,0,0,114011,114111,0,0,0,0,0,0,0,0,1,0,1,0
505000401,5050,5050004,0,0,0,113911,0,0,0,0,0,0,0,0,0,1,0,1,0
505000801,5050,5050008,0,0,0,5711,113911,114011,114111,0,0,0,0,0,0,1,0,1,0
505200001,5052,5052000,5052000,0,0,4211,114211,0,0,0,0,0,0,0,0,1,0,1,0
505200002,5052,5052000,5052000,0,0,4211,114211,0,0,0,0,0,0,0,0,1,0,1,0
505200101,5052,5052001,0,0,0,112211,112311,114211,0,0,0,0,0,0,0,1,0,1,0
505200201,5052,5052002,0,0,0,4211,112211,112311,114211,114311,0,0,0,0,0,1,0,1,0
505200801,5052,5052008,0,0,0,211,415,4211,112211,112311,114211,114311,0,0,0,1,0,1,0
505400001,5054,5054000,0,0,0,0,0,0,0,0,0,0,0,0,0,1,1,0,0
505400002,5054,5054000,0,0,0,0,0,0,0,0,0,0,0,0,0,1,1,0,0
505400003,5054,5054000,0,0,0,0,0,0,0,0,0,0,0,0,0,1,1,0,0
505400004,5054,5054000,0,0,0,0,0,0,0,0,0,0,0,0,0,1,1,0,0
505400005,5054,5054000,0,0,0,0,0,0,0,0,0,0,0,0,0,1,1,0,0
505400301,5054,5054003,5054003,0,0,114411,0,0,0,0,0,0,0,0,0,1,0,1,0
505400302,5054,5054003,5054003,0,0,114411,0,0,0,0,0,0,0,0,0,1,0,1,0
505400401,5054,5054004,5054004,0,0,114511,0,0,0,0,0,0,0,0,0,1,0,1,0
505400402,5054,5054004,5054004,0,0,114511,0,0,0,0,0,0,0,0,0,1,0,1,0
505400501,5054,5054005,0,0,0,100011,114411,114511,114612,0,0,0,0,0,0,1,0,1,0
505600001,5056,5056000,0,0,0,105812,105913,106012,0,0,0,0,0,0,0,1,0,1,0
505600201,5056,5056002,0,0,0,105812,105913,106113,107011,0,0,0,0,0,0,1,0,1,0
505600701,5056,5056007,0,0,0,6411,111811,111911,112011,0,0,0,0,0,0,1,0,1,0
505800001,5058,5058000,0,0,0,105812,105913,106012,0,0,0,0,0,0,0,1,0,1,0
505800401,5058,5058004,0,0,0,105812,106012,0,0,0,0,0,0,0,0,1,0,1,0
505900501,5059,5059005,5059005,0,0,105812,106012,115511,0,0,0,0,0,0,0,1,0,1,0
505900502,5059,5059005,5059005,0,0,105812,106012,115511,0,0,0,0,0,0,0,1,0,1,0
505900601,5059,5059006,0,0,0,0,0,0,0,0,0,0,0,0,0,1,1,0,0
505900701,5059,5059007,0,0,0,105812,106012,115511,0,0,0,0,0,0,0,1,0,1,0
506100301,5061,5061003,0,0,0,115812,115911,116011,0,0,0,0,0,0,0,1,0,1,0
506100401,5061,5061004,5061004,0,0,102611,103311,103813,115812,0,0,0,0,0,0,1,0,1,0
506100402,5061,5061004,5061004,0,0,102611,103311,103813,115812,0,0,0,0,0,0,1,0,1,0
506400201,5064,5064002,5064002,0,0,116211,116311,0,0,0,0,0,0,0,0,1,0,1,0
506400202,5064,5064002,5064002,0,0,116211,116311,116411,0,0,0,0,0,0,0,1,0,1,0
506400301,5064,5064003,0,0,0,2914,3113,110813,116311,116411,0,0,0,0,0,1,0,1,0
506400501,5064,5064005,0,0,0,104811,116211,116311,116411,0,0,0,0,0,0,1,1,0,0
506400502,5064,5064005,0,0,0,0,0,0,0,0,0,0,0,0,0,1,0,1,0
506400701,5064,5064007,0,0,0,3012,7112,102912,116211,116311,116411,0,0,0,0,1,0,1,0
506600101,5066,5066001,0,0,0,106511,106611,106613,116611,0,0,0,0,0,0,1,0,1,0
506600201,5066,5066002,5066002,0,0,311,1111,1411,6311,106611,0,0,0,0,0,1,0,1,0
506600202,5066,5066002,5066002,0,0,311,1111,1411,6311,106611,0,0,0,0,0,1,0,1,0
506600301,5066,5066003,0,0,0,811,911,1011,2511,116511,116611,0,0,0,0,1,0,1,0
506600601,5066,5066006,0,0,0,106611,116512,0,0,0,0,0,0,0,0,1,0,1,0
700100501,7001,7001005,7001005,0,0,100231,101431,104331,0,0,0,0,0,0,0,1,0,1,0
700100502,7001,7001005,7001005,0,0,100231,101431,104331,0,0,0,0,0,0,0,1,0,1,0
700100503,7001,7001005,0,0,0,0,0,0,0,0,0,0,0,0,0,1,1,0,0
700200501,7002,7002005,7002005,0,0,102232,100632,0,0,0,0,0,0,0,0,1,0,1,0
700200502,7002,7002005,7002005,0,0,102232,100632,0,0,0,0,0,0,0,0,1,0,1,0
700300501,7003,7003005,0,0,0,101631,102931,0,0,0,0,0,0,0,0,1,0,1,0
700400501,7004,7004005,0,0,0,100431,102031,102131,102332,103631,0,0,0,0,0,1,0,1,0
700500501,7005,7005005,0,0,0,100011,100331,105432,0,0,0,0,0,0,0,1,0,1,0
700600501,7006,7006005,7006005,0,0,102831,103231,0,0,0,0,0,0,0,0,1,0,1,0
700600502,7006,7006005,7006005,0,0,102831,103231,0,0,0,0,0,0,0,0,1,0,1,0
700600503,7006,7006005,7006005,0,0,102831,103231,0,0,0,0,0,0,0,0,1,0,1,0
700700501,7007,7007005,0,0,0,100931,104431,100011,0,0,0,0,0,0,0,1,0,1,0
700800501,7008,7008005,7008005,0,0,101131,103831,0,0,0,0,0,0,0,0,1,0,1,0
700800502,7008,7008005,7008005,0,0,101131,103831,0,0,0,0,0,0,0,0,1,0,1,0
700900501,7009,7009005,7009005,0,0,101031,105231,0,0,0,0,0,0,0,0,1,0,1,0
700900502,7009,7009005,7009005,0,0,101031,105231,0,0,0,0,0,0,0,0,1,0,1,0
701000501,7010,7010005,7010005,0,0,101532,0,0,0,0,0,0,0,0,0,1,0,1,0
701000502,7010,7010005,7010005,0,0,101532,101831,0,0,0,0,0,0,0,0,1,0,1,0
701000503,7010,7010005,7010005,0,0,101532,101831,0,0,0,0,0,0,0,0,1,0,1,0
701100501,7011,7011005,0,0,0,103031,105631,0,0,0,0,0,0,0,0,1,0,1,0
701200501,7012,7012005,7012005,0,0,102732,105531,0,0,0,0,0,0,0,0,1,0,1,0
701200502,7012,7012005,7012005,0,0,102732,105531,0,0,0,0,0,0,0,0,1,0,1,0
701300501,7013,7013005,0,0,0,102631,104831,0,0,0,0,0,0,0,0,1,0,1,0
701400501,7014,7014005,7014005,0,0,103433,105031,0,0,0,0,0,0,0,0,1,0,1,0
701400502,7014,7014005,7014005,0,0,103433,105031,0,0,0,0,0,0,0,0,1,0,1,0
701500501,7015,7015005,0,0,0,104931,111031,0,0,0,0,0,0,0,0,1,0,1,0
701600501,7016,7016005,7016005,0,0,104231,100731,0,0,0,0,0,0,0,0,1,0,1,0
701600502,7016,7016005,7016005,0,0,104231,100731,0,0,0,0,0,0,0,0,1,0,1,0
701700501,7017,7017005,0,0,0,1231,100831,107131,0,0,0,0,0,0,0,1,0,1,0
900201701,9002,9002017,0,0,0,0,0,0,0,0,0,0,0,0,0,1,1,0,0
